attendance_percentage,internal_assessment_marks,assignment_marks,quiz_marks,previous_semester_gpa,Risk_Level
80.9,74.5,91.3,71.3,8.0,Low
73.7,64.8,68.9,65.2,6.28,Medium
77.7,67.1,85.7,74.3,7.59,Low
89.2,90.5,93.6,93.8,8.79,Low
60.0,71.6,61.1,77.3,6.58,Medium
61.5,57.6,48.6,59.5,7.23,Medium
100.0,100.0,95.3,100.0,9.37,Low
89.0,84.9,75.3,74.5,7.93,Low
54.9,57.8,56.6,55.3,5.53,High
70.2,77.1,74.1,85.5,8.09,Low
65.9,74.2,77.0,71.3,5.91,Medium
66.3,68.1,82.3,70.7,6.36,Low
76.9,73.7,75.4,61.8,7.19,Low
40.0,39.6,37.6,37.1,4.55,High
43.4,44.7,34.7,51.5,4.33,High
63.5,58.0,65.3,61.9,6.13,Medium
55.3,40.1,69.1,45.1,5.72,High
61.4,89.0,72.7,78.8,8.52,Low
55.0,57.5,37.3,49.9,6.08,High
43.7,51.6,54.2,65.0,4.84,High
93.0,91.6,99.9,100.0,9.2,Low
84.5,61.5,53.9,72.1,6.4,Medium
73.2,69.7,72.4,83.3,6.63,Low
46.7,37.4,52.2,49.2,4.59,High
67.4,77.8,61.2,68.7,5.8,Medium
74.6,63.0,65.3,85.0,7.49,Medium
55.3,45.5,60.9,54.9,4.74,Medium
79.3,72.6,72.4,73.3,8.23,Low
73.3,70.0,49.1,45.6,6.48,Medium
58.8,65.7,49.2,64.9,6.57,Medium
63.8,52.3,71.1,68.4,6.1,Medium
92.2,100.0,100.0,100.0,9.5,Low
73.1,74.9,70.5,74.3,7.11,Low
48.6,57.9,50.6,49.3,5.96,High
79.8,87.3,78.1,64.5,7.88,Low
49.9,68.4,43.1,47.2,4.4,High
79.0,88.4,69.7,70.4,7.66,Low
46.1,35.8,30.0,37.8,4.22,High
42.6,61.4,44.2,55.6,4.45,High
73.3,75.6,70.5,90.8,6.93,Low
76.8,84.6,86.0,82.2,7.68,Low
65.0,60.7,72.3,70.6,6.89,Medium
67.0,67.1,74.6,65.9,6.66,Medium
63.6,59.8,76.3,66.6,6.42,Medium
62.4,53.6,56.3,40.4,4.46,High
61.8,66.7,63.0,60.3,5.54,Medium
54.8,48.6,63.2,67.1,6.19,Medium
82.5,85.7,78.0,87.7,8.67,Low
81.3,83.0,81.1,79.3,7.36,Low
56.1,42.2,57.0,47.5,4.93,Medium
65.3,80.0,77.6,58.9,7.74,Medium
52.9,66.7,79.6,70.0,5.63,Medium
71.1,62.2,47.6,53.8,6.25,Medium
81.5,77.3,69.9,69.3,8.22,Low
80.3,76.9,92.3,75.5,8.33,Low
87.2,76.1,86.1,87.9,7.65,Low
41.6,62.4,67.9,55.4,5.75,High
65.4,65.5,65.2,50.2,6.53,High
76.9,74.0,68.0,79.3,6.94,Low
90.2,81.7,82.9,71.7,7.74,Low
56.7,60.7,50.6,64.1,6.24,Medium
67.7,74.5,58.2,69.4,6.6,Medium
47.9,51.1,61.2,61.4,5.13,High
53.6,42.7,59.0,68.1,5.16,High
76.8,87.4,85.1,69.9,7.67,Low
87.9,88.9,76.6,89.9,8.82,Low
62.9,69.1,66.1,66.4,7.16,Medium
89.0,96.3,75.3,89.0,8.33,Low
80.6,75.3,84.8,77.4,6.71,Low
58.9,62.3,55.7,57.2,5.8,Medium
75.7,67.2,66.7,71.5,7.01,Medium
84.4,91.5,93.3,83.0,9.44,Low
67.7,73.7,64.3,78.4,7.11,Low
93.2,82.6,100.0,97.6,8.52,Low
50.7,36.4,30.0,43.3,4.0,High
75.7,83.0,71.1,79.5,7.68,Low
80.1,71.6,54.1,65.4,7.91,Medium
71.5,72.8,65.3,55.8,6.53,Low
73.1,73.7,66.9,74.6,6.51,Medium
50.7,50.5,30.0,30.8,4.0,High
68.9,59.7,76.2,83.3,6.84,Medium
77.7,76.3,80.7,63.6,7.34,Low
91.8,92.8,91.9,94.6,9.17,Low
69.6,54.7,73.1,76.3,7.03,Medium
64.5,64.6,63.2,63.3,5.44,High
58.7,78.7,55.9,64.1,6.28,Medium
75.8,83.6,75.4,75.0,9.08,Medium
73.7,78.5,81.5,62.5,7.63,Low
57.3,62.6,65.2,69.0,5.4,Medium
77.3,72.7,79.1,91.3,8.02,Medium
78.9,58.7,64.7,67.5,6.56,Medium
81.8,79.6,89.4,74.3,9.16,Low
59.2,49.7,53.4,37.3,5.54,Medium
65.4,77.0,64.3,56.3,7.99,Medium
69.2,63.3,75.7,63.1,7.15,Medium
40.0,45.6,42.8,62.4,4.41,High
70.8,80.7,61.9,80.5,7.45,Low
75.2,66.1,65.5,76.7,7.77,Low
77.3,64.7,78.0,66.5,7.4,Low
63.5,67.0,68.5,61.2,6.87,Medium
40.0,56.0,47.7,61.4,5.5,High
67.4,67.2,59.6,65.5,6.31,Medium
61.0,66.6,68.7,45.9,6.3,Medium
50.8,58.5,51.2,51.9,5.62,High
63.8,70.4,70.0,59.9,7.19,Medium
75.0,77.5,70.2,71.1,7.79,Low
94.4,90.8,90.8,100.0,9.95,Low
59.4,72.9,67.5,71.7,7.66,Medium
79.2,66.3,70.9,73.2,6.36,Low
76.5,69.5,68.5,80.7,7.04,Medium
45.1,37.9,43.1,35.0,4.23,High
62.8,87.4,40.1,86.4,7.79,Medium
69.7,70.6,64.4,64.9,6.33,Medium
98.0,88.2,94.9,98.8,10.0,Low
70.7,66.2,79.2,64.6,6.75,Medium
78.5,78.2,65.9,75.6,7.7,Low
65.1,81.2,70.8,73.5,7.79,Medium
53.0,48.3,64.4,56.4,5.53,Medium
89.9,76.1,76.6,80.4,8.91,Low
90.0,87.0,84.4,71.2,8.25,Low
86.1,72.2,75.4,100.0,7.94,Low
61.1,53.3,52.3,52.0,5.62,Medium
91.5,89.2,84.6,97.3,8.75,Low
57.4,48.5,43.1,34.5,4.87,Medium
81.3,83.6,100.0,76.3,6.71,Low
92.8,93.2,100.0,96.9,10.0,Low
63.6,53.2,64.0,59.4,5.45,Medium
65.7,61.4,65.4,37.0,5.98,Medium
68.8,72.5,58.6,73.0,7.26,Medium
59.6,63.1,65.6,52.1,5.53,Medium
48.5,49.8,55.3,49.7,5.64,High
73.8,76.9,64.2,61.7,7.05,Medium
55.2,56.8,61.8,46.4,5.33,Medium
79.0,80.3,82.7,74.6,7.23,Low
66.4,45.1,71.0,46.7,5.63,Medium
99.7,93.6,89.9,89.0,10.0,Low
59.4,61.6,49.5,47.5,6.34,Medium
70.8,70.3,62.3,48.7,6.94,Medium
76.0,77.4,93.7,91.4,8.49,Low
53.9,46.9,36.9,39.9,4.97,Medium
84.3,69.4,56.9,71.8,6.62,Low
88.3,93.4,90.3,96.4,8.86,Low
40.8,53.1,42.3,40.4,4.47,High
68.9,69.9,72.8,65.3,7.8,Medium
67.4,80.3,81.5,75.9,7.54,Medium
77.0,82.6,77.3,91.8,8.98,Low
49.2,50.6,36.5,40.9,5.74,High
41.8,48.7,66.5,48.8,4.79,High
77.9,83.1,69.9,62.2,6.89,Low
79.9,76.7,66.0,70.9,8.14,Low
68.3,89.7,82.6,74.1,8.06,Low
84.3,69.2,72.1,67.5,6.84,Low
62.9,63.4,59.3,55.7,6.73,Medium
79.7,69.8,77.3,60.8,7.54,Low
70.4,68.3,83.1,75.1,7.52,Medium
64.4,59.2,56.6,68.8,6.74,Medium
91.4,98.9,100.0,88.1,10.0,Low
82.4,97.5,60.0,71.5,8.04,Low
53.2,50.8,58.2,56.7,5.45,High
83.2,71.9,73.1,90.8,8.29,Low
48.3,57.3,66.4,41.9,5.34,High
76.4,67.3,82.9,80.3,8.15,Low
91.0,86.7,82.0,89.9,8.29,Medium
52.0,57.8,63.0,56.8,5.6,Medium
87.2,90.0,91.6,62.2,8.26,Low
68.0,83.0,81.3,80.7,7.3,Medium
87.4,78.8,74.1,96.0,8.3,Low
90.6,96.9,94.1,99.0,9.64,Low
69.6,61.0,66.3,57.0,6.88,Medium
62.4,50.8,58.4,54.1,5.06,High
52.5,58.8,62.7,72.6,5.61,Medium
61.3,48.8,41.6,66.0,5.84,Medium
70.4,65.9,71.5,74.6,6.73,Medium
71.9,68.2,72.8,78.3,7.43,Medium
68.1,78.0,67.4,68.2,6.62,Low
70.6,95.0,76.5,80.6,8.42,Low
72.3,61.1,68.5,69.5,7.34,Medium
82.4,78.8,63.0,96.7,9.43,Low
66.6,65.2,60.4,79.6,7.12,Medium
96.4,98.1,91.0,100.0,9.9,Low
83.5,80.9,83.6,66.6,8.18,Low
55.3,54.0,50.7,59.2,5.79,High
52.0,52.5,52.2,60.6,5.74,Medium
81.6,79.8,89.6,82.8,6.94,Low
68.7,73.9,74.6,61.0,6.22,Medium
82.6,67.0,87.9,100.0,8.86,Low
79.9,74.5,73.1,65.6,6.48,Low
59.7,70.4,73.3,59.2,6.82,Medium
61.8,50.9,55.4,59.4,6.32,Medium
51.0,59.4,45.7,66.3,4.68,Medium
57.2,58.9,66.6,55.8,6.13,Medium
81.4,82.6,78.1,80.5,8.35,Medium
73.0,77.1,85.2,82.9,7.14,Low
50.5,47.2,50.0,51.2,5.15,Medium
74.6,59.7,77.5,69.6,6.92,Medium
84.4,72.8,87.4,80.9,8.13,Low
63.2,63.9,65.0,59.2,6.39,Medium
64.4,69.9,61.0,81.6,7.16,Medium
74.6,64.9,74.4,82.5,6.39,Low
60.8,59.3,59.7,55.6,5.02,Medium
77.7,73.1,82.5,78.0,7.44,Low
85.0,74.8,69.5,80.3,8.09,Low
98.3,87.3,81.0,90.6,8.12,Low
91.9,91.2,93.8,86.3,8.2,Low
50.8,66.0,43.2,49.3,5.19,Medium
62.2,61.7,53.5,66.7,6.06,Medium
78.6,85.8,90.3,91.4,7.46,Low
77.9,74.2,77.3,64.1,7.1,Low
75.6,70.5,71.9,77.8,9.41,Low
100.0,98.4,91.0,91.8,10.0,Low
73.7,79.3,81.2,75.8,7.72,Low
96.2,79.5,76.4,90.7,9.14,Low
87.3,83.1,82.3,90.3,8.37,Low
71.4,82.6,82.4,78.8,8.41,Low
67.5,67.8,75.7,48.1,6.61,Medium
68.8,84.9,86.7,72.7,8.18,Low
62.2,60.4,52.7,66.5,5.78,Medium
71.8,62.9,75.9,41.8,5.92,Medium
59.2,59.1,60.3,73.4,7.24,Medium
72.0,62.8,61.3,75.9,6.65,Medium
100.0,100.0,96.6,100.0,9.12,Low
40.0,42.1,53.5,40.2,4.09,High
73.9,78.7,81.6,61.7,7.55,Medium
54.7,39.3,45.9,49.7,4.56,High
74.7,83.5,76.0,74.4,6.64,Low
86.4,78.8,74.9,94.7,9.13,Low
77.0,68.0,60.7,65.0,7.5,Low
61.9,56.7,40.9,54.6,5.23,High
54.8,63.5,62.3,54.5,5.95,Medium
77.3,86.9,81.5,72.8,8.22,Low
66.4,71.7,71.4,67.6,5.03,Medium
83.4,76.8,75.2,62.5,7.61,Low
74.1,63.3,67.5,62.6,6.34,Medium
54.9,58.4,60.2,50.3,7.04,Medium
100.0,100.0,98.9,84.6,9.6,Low
76.3,94.0,66.1,80.8,7.86,Low
40.0,29.8,61.3,50.1,4.0,High
74.9,81.2,77.0,71.1,6.96,Low
69.4,61.3,61.8,46.5,7.14,Medium
87.9,88.7,87.7,90.3,8.75,Low
60.6,57.4,63.8,73.3,5.04,Medium
71.1,62.4,67.2,62.5,7.58,Medium
77.8,82.8,72.5,73.3,8.35,Low
86.3,87.6,87.8,87.6,8.16,Low
40.0,58.8,55.1,66.6,5.35,High
63.2,64.9,58.5,60.3,6.49,Medium
64.3,58.7,74.2,50.9,7.27,Medium
53.3,49.3,62.5,65.9,5.62,High
98.8,100.0,100.0,100.0,9.72,Low
74.8,79.0,87.2,76.1,7.39,Low
61.6,44.3,51.3,46.1,4.39,High
93.2,80.0,86.3,92.7,9.47,Low
95.2,94.7,100.0,100.0,9.21,Low
84.6,75.1,79.7,78.6,8.66,Low
46.8,41.5,47.6,47.7,4.0,High
60.0,54.8,63.7,50.6,6.07,Medium
90.2,86.1,81.4,95.2,9.11,Low
54.8,54.2,77.9,57.0,5.53,Medium
69.9,65.3,65.4,72.7,7.96,Medium
85.4,95.8,71.2,81.3,8.03,Low
59.9,64.9,66.6,56.5,6.19,Medium
64.3,63.7,74.8,77.2,7.59,Low
40.4,36.9,30.0,40.3,4.0,High
50.8,57.6,59.5,53.2,5.5,High
67.7,74.5,78.0,73.1,6.71,Medium
56.2,45.6,51.0,54.9,5.44,Medium
94.3,100.0,100.0,90.6,9.46,Low
51.3,44.7,34.8,47.4,4.95,Medium
60.3,54.0,68.9,62.1,6.22,Medium
70.8,77.0,81.3,76.5,7.25,Medium
90.4,100.0,98.7,88.3,9.81,Low
44.0,66.6,46.8,44.9,5.17,High
86.4,79.0,85.1,100.0,9.1,Low
60.9,75.0,73.7,78.6,7.38,Low
52.3,52.4,61.8,48.4,5.45,Medium
75.2,82.4,81.8,82.1,7.85,Medium
71.4,62.7,81.3,74.1,6.76,Medium
59.5,52.2,52.8,64.5,6.73,High
70.7,65.6,69.2,72.3,5.71,Medium
67.1,64.8,56.7,74.9,6.38,Medium
76.9,67.2,68.6,74.8,7.74,Low
76.0,84.5,88.1,79.4,7.31,Low
86.6,100.0,94.7,100.0,9.58,Low
45.2,55.6,72.3,53.5,4.8,High
95.1,100.0,99.5,99.1,9.62,Low
40.0,43.6,41.2,43.5,4.54,High
63.1,59.2,68.6,66.9,6.87,Medium
71.0,88.4,73.7,78.9,6.87,Low
71.5,70.0,73.8,68.9,6.93,Low
61.7,67.0,69.7,53.9,6.55,Medium
70.4,77.9,67.8,57.9,6.91,Medium
59.3,65.8,56.3,50.1,7.13,Medium
58.7,50.7,53.8,53.2,6.96,Medium
77.2,76.3,79.1,81.2,8.1,Low
75.2,84.6,75.9,76.3,8.79,Medium
54.5,58.4,69.2,57.2,5.97,Medium
86.9,84.1,72.8,62.3,7.87,Low
63.9,79.9,72.1,88.8,7.14,Low
80.0,87.1,83.3,92.0,7.09,Medium
81.3,81.4,64.8,83.5,8.75,Low
58.7,56.1,50.9,74.7,6.55,High
77.8,59.4,56.2,52.8,5.65,Medium
83.3,87.2,74.8,98.2,8.01,Low
73.1,83.0,80.7,70.5,7.96,Low
69.1,67.9,68.4,71.8,6.49,Medium
61.1,79.3,67.3,60.3,6.3,Medium
88.7,88.3,92.6,89.3,8.81,Low
56.1,55.2,74.9,64.6,5.95,Medium
83.7,72.9,91.3,76.8,7.63,Medium
63.7,60.1,51.6,73.4,6.81,Medium
66.0,64.8,71.4,67.6,7.39,Medium
82.7,95.1,85.1,81.8,8.5,Low
92.8,76.7,83.6,77.3,8.32,Low
80.3,83.5,79.0,89.5,8.58,Low
100.0,85.0,90.5,83.7,9.24,Low
75.2,68.5,71.5,78.6,6.72,Medium
83.1,69.7,75.6,91.2,8.07,Low
67.6,63.8,58.2,50.3,6.81,Medium
77.2,73.5,71.3,85.1,6.92,Low
56.5,71.8,69.9,86.6,7.44,Medium
69.8,73.0,76.2,73.7,7.86,Low
84.0,70.5,85.8,84.3,7.53,Low
57.4,65.3,53.8,67.1,5.87,Medium
89.6,99.5,100.0,95.5,10.0,Low
54.6,56.3,62.6,56.6,5.22,Medium
62.0,51.7,61.1,40.0,5.42,High
94.9,83.7,86.9,88.6,8.82,Low
81.5,83.4,80.1,86.4,7.45,Low
85.1,82.7,80.9,84.0,8.17,Low
77.2,67.2,70.2,89.0,7.39,Low
59.6,66.0,68.3,62.8,7.45,Medium
51.0,54.8,62.5,51.7,5.32,High
80.5,72.9,76.3,88.2,7.03,Low
58.2,68.2,57.7,58.5,6.67,Medium
83.2,79.2,86.4,86.4,8.71,Low
66.0,64.3,61.2,67.2,6.24,Medium
69.0,54.0,63.2,50.2,5.25,High
74.9,59.6,64.6,79.8,6.22,Medium
89.5,73.8,74.0,71.4,7.82,Low
60.6,66.9,58.7,51.4,6.33,Medium
59.4,50.3,57.2,53.6,5.35,Medium
64.6,76.7,70.1,55.6,6.78,Medium
82.5,61.8,78.9,67.8,7.51,Low
55.4,58.5,59.2,53.7,6.15,Medium
64.2,60.6,75.7,68.5,7.37,Medium
66.9,85.2,85.2,67.4,7.37,Low
44.7,46.4,41.1,56.3,5.73,High
43.9,33.5,49.4,61.5,4.3,High
55.6,45.2,54.0,66.3,5.14,High
63.6,67.0,64.2,64.9,6.12,Medium
71.4,79.0,90.7,75.9,8.06,Low
97.1,94.8,89.7,78.4,10.0,Low
76.2,84.0,85.7,81.7,7.9,Low
68.9,75.7,71.9,59.9,6.53,Medium
77.0,65.9,61.7,76.0,6.39,Low
51.9,61.2,48.1,78.1,4.59,Medium
65.4,58.3,60.1,74.2,7.33,Medium
64.3,59.3,58.6,47.7,6.68,Medium
81.9,62.2,52.0,71.6,7.49,Medium
58.8,55.7,61.9,58.7,5.06,Medium
74.6,77.5,94.2,78.6,8.6,Low
95.9,93.8,94.2,86.4,9.05,Low
61.8,68.8,57.0,70.6,7.1,Medium
80.1,69.5,70.9,64.8,6.88,Low
82.8,79.0,76.7,71.8,7.94,Medium
62.1,53.5,55.8,69.8,6.54,Medium
68.3,82.9,80.2,64.2,7.5,Low
64.9,68.1,76.7,75.0,7.1,Medium
74.7,68.0,62.2,59.1,7.39,Medium
65.8,69.5,64.2,74.3,5.28,Medium
66.5,61.7,82.6,63.4,7.14,Medium
80.2,69.6,92.7,75.5,7.8,Low
79.2,84.1,100.0,94.7,9.29,Low
80.9,83.9,77.2,79.3,8.48,Low
97.8,100.0,100.0,99.3,9.16,Low
53.0,63.7,55.7,63.7,5.19,Medium
77.5,100.0,78.3,91.7,7.2,Low
68.7,57.0,75.4,79.9,7.68,Low
99.8,100.0,93.3,96.5,10.0,Low
56.8,54.0,61.1,56.6,6.21,Medium
44.0,53.3,46.8,78.5,5.89,High
48.3,56.7,59.1,69.6,5.03,High
40.0,31.8,48.4,29.8,4.0,High
64.9,73.9,61.7,63.0,6.3,Medium
42.1,64.5,59.7,55.6,5.93,High
69.3,72.4,76.1,71.0,7.11,Low
72.0,84.6,84.5,64.1,7.7,Medium
100.0,87.4,84.8,94.3,9.81,Low
81.9,74.9,88.9,100.0,8.49,Low
63.6,46.1,59.2,66.6,5.82,Medium
57.4,51.6,57.9,34.1,6.14,High
64.6,78.5,85.9,88.3,7.52,Low
54.8,50.9,40.6,60.0,4.35,Medium
98.8,98.5,89.4,94.2,9.36,Low
90.7,77.8,72.2,94.1,8.59,Low
86.5,68.6,58.6,55.2,6.79,Medium
40.0,46.0,54.9,40.1,4.41,High
100.0,95.4,89.3,100.0,8.94,Low
66.6,55.0,57.6,65.8,6.2,Medium
90.3,90.7,84.7,71.7,9.25,Low
45.8,37.8,34.2,45.5,4.28,High
58.5,58.2,52.0,60.3,6.05,Medium
66.7,73.8,73.2,80.9,7.75,Medium
72.7,71.3,61.3,70.8,7.32,Low
54.1,57.3,72.2,59.5,5.51,Medium
83.8,79.4,78.8,88.7,7.05,Low
51.5,43.3,54.7,55.1,5.37,High
61.1,75.9,65.6,61.1,6.18,Medium
69.1,70.4,78.0,82.2,7.5,Medium
85.3,85.5,84.0,79.5,7.79,Low
77.5,77.0,83.4,80.7,8.15,Low
55.3,49.5,57.6,54.7,4.96,Medium
42.6,41.6,45.3,37.4,5.57,High
93.7,95.3,93.5,84.4,10.0,Low
79.1,70.0,72.3,75.0,7.36,Medium
69.9,63.3,58.8,57.0,6.05,Medium
92.2,90.6,91.1,100.0,9.38,Low
75.7,57.9,68.1,73.7,7.04,Medium
88.3,83.7,82.2,95.4,8.35,Low
78.8,62.8,74.8,71.1,6.56,Medium
93.7,98.2,100.0,100.0,9.23,Low
100.0,88.0,100.0,99.9,9.84,Low
65.1,72.7,56.2,66.4,6.37,Medium
84.2,83.9,94.9,84.5,7.17,Low
80.2,78.4,77.1,71.1,8.19,Low
92.0,95.1,95.3,95.1,9.03,Low
54.8,62.3,48.3,55.2,6.23,Medium
81.6,80.2,81.4,75.8,8.22,Low
95.3,80.5,88.4,95.8,7.85,Low
49.5,31.2,31.7,32.4,4.0,High
57.5,47.4,57.1,48.4,4.87,High
40.0,35.1,50.2,48.7,4.0,High
60.6,66.7,64.6,68.8,7.07,Medium
86.5,78.3,91.6,80.3,8.07,Low
97.8,97.4,91.0,94.8,9.82,Low
79.9,66.8,77.9,72.7,6.45,Medium
90.8,94.0,76.7,80.8,9.93,Low
47.9,57.6,68.6,46.2,5.29,High
40.0,46.8,56.4,59.0,4.0,High
66.8,68.7,66.9,63.2,7.58,Low
81.7,71.5,60.0,72.9,7.62,Low
66.7,65.1,71.8,64.6,7.15,Medium
42.8,33.0,30.0,38.2,4.0,High
67.5,64.9,72.2,63.4,7.5,Medium
52.4,55.7,53.7,54.8,4.45,High
73.2,78.5,72.5,81.8,8.42,Low
76.0,66.1,84.5,82.5,7.96,Low
40.0,68.3,62.3,46.4,5.1,High
61.2,64.5,70.1,59.2,7.22,Medium
44.3,44.3,54.2,52.1,5.53,High
76.3,66.0,57.7,73.2,7.23,Low
89.0,85.1,92.2,77.2,7.67,Low
58.0,67.1,53.1,63.5,6.58,Medium
86.7,69.8,66.4,88.2,7.14,Low
56.4,68.9,72.9,53.1,6.72,Medium
68.6,67.9,74.9,53.7,5.31,Medium
74.0,64.0,68.1,63.6,6.53,Medium
53.1,52.5,71.7,78.2,5.84,Medium
68.5,54.4,62.4,57.8,6.68,Medium
45.4,50.6,49.0,67.1,4.57,High
93.1,97.7,93.0,86.6,10.0,Low
66.9,75.1,83.6,61.6,7.58,Low
56.3,67.1,53.3,53.3,5.48,Medium
66.9,68.0,79.1,65.6,8.12,Low
75.7,54.5,63.8,65.9,6.1,Medium
65.1,66.5,63.0,60.3,6.36,Medium
81.3,81.3,87.5,71.8,8.16,Low
77.9,83.1,78.3,91.8,7.71,Low
51.1,59.8,58.8,73.1,6.34,Medium
63.0,62.2,70.4,69.9,6.26,Medium
54.4,76.5,78.7,70.6,6.49,Medium
40.0,38.1,40.6,36.3,4.0,High
40.0,44.7,42.0,42.8,4.61,High
100.0,87.0,86.4,81.9,9.17,Low
100.0,93.5,95.3,97.9,10.0,Low
66.9,77.7,68.8,55.7,7.02,Medium
86.2,77.4,70.7,69.7,8.26,Low
69.6,74.5,80.5,85.0,6.89,Low
100.0,94.6,98.7,100.0,10.0,Low
88.0,94.5,73.1,90.3,8.24,Low
69.7,81.8,60.6,78.0,6.17,Medium
63.3,58.8,51.6,53.5,5.53,Medium
50.3,46.5,45.3,33.9,4.14,High
74.8,73.3,88.2,78.6,7.7,Low
48.7,42.0,60.6,63.8,6.27,High
42.9,53.9,41.9,49.3,4.0,High
59.6,61.2,62.1,58.1,5.62,Medium
54.3,56.8,51.0,62.4,4.65,Medium
88.5,90.3,97.9,86.4,9.3,Low
97.7,80.5,87.9,76.3,8.55,Low
79.0,67.0,79.6,60.8,6.87,Medium
95.8,99.4,92.0,93.0,8.93,Low
71.6,68.5,84.3,61.4,7.77,Medium
55.8,71.7,64.3,50.9,4.56,High
87.1,95.9,87.2,86.5,9.9,Low
78.5,69.2,95.8,75.7,7.54,Low
56.0,53.5,57.1,41.1,5.41,Medium
59.7,62.6,60.5,67.9,6.45,Medium
58.9,41.5,70.1,68.1,6.46,Medium
48.3,60.5,65.9,50.5,4.31,High
72.4,88.8,83.6,97.8,8.4,Low
92.8,100.0,94.0,100.0,10.0,Low
46.5,50.2,47.6,56.0,4.1,High
89.8,68.8,84.2,79.1,7.38,Low
63.6,56.9,70.5,60.4,5.95,Medium
54.7,68.6,67.3,69.6,5.83,Medium
64.0,53.8,61.9,57.6,5.7,Medium
47.8,39.3,69.0,40.1,5.53,High
77.2,69.1,68.2,75.2,7.4,Low
54.7,56.5,65.8,47.4,5.58,Medium
73.5,75.0,71.8,65.4,7.94,Low
77.2,74.3,72.7,69.2,6.43,Low
58.7,70.9,65.5,65.6,6.02,Medium
48.0,58.2,55.9,43.7,6.6,High
57.8,69.7,58.3,62.8,5.81,Medium
87.6,70.7,92.1,90.0,7.48,Low
68.4,81.0,71.7,67.4,6.88,Medium
40.0,59.7,49.4,66.8,6.07,High
68.8,62.8,88.5,57.4,6.98,Medium
84.6,70.8,89.1,100.0,8.0,Low
52.2,39.7,30.0,41.3,4.42,High
75.4,73.5,73.6,79.5,8.32,Medium
57.6,65.3,45.6,43.0,5.92,High
85.5,74.3,71.0,78.0,9.03,Low
47.3,52.6,33.4,60.6,5.92,High
40.6,38.6,41.8,42.2,4.82,High
46.7,53.4,36.5,40.5,4.96,High
73.4,70.8,71.2,62.2,7.05,Medium
70.8,72.6,60.9,84.1,7.1,Medium
56.6,55.7,57.1,56.7,5.81,Medium
64.6,88.6,76.3,93.4,8.21,Low
41.1,39.8,57.1,40.3,4.22,High
71.7,78.2,80.3,65.1,6.98,Low
45.9,53.3,58.1,59.2,5.8,High
60.6,59.1,57.6,45.6,7.06,Medium
73.4,88.2,86.6,59.8,7.5,Low
55.0,49.7,44.7,67.0,6.64,Medium
65.3,61.8,53.0,53.7,6.11,High
79.3,76.5,84.4,68.7,8.86,Low
60.1,68.0,79.4,78.2,6.8,Medium
86.2,94.4,80.9,70.0,7.81,Low
54.0,64.7,51.6,54.7,5.06,High
74.4,86.5,66.4,78.6,8.66,Low
93.0,90.2,99.2,66.3,8.67,Low
40.0,32.4,42.6,32.6,4.0,High
45.7,46.3,64.4,62.1,6.57,High
85.6,92.9,73.6,81.8,8.46,Low
64.9,70.2,61.3,75.1,6.91,Medium
78.1,72.1,65.2,72.1,7.53,Medium
68.1,70.2,61.6,67.4,5.87,Medium
63.1,64.5,62.7,65.1,7.27,Medium
63.4,70.5,58.2,55.0,7.56,Medium
85.8,86.3,84.1,75.8,8.87,Medium
69.1,78.3,69.9,60.7,8.47,Medium
85.5,74.6,70.8,84.2,7.06,Low
58.7,53.7,67.6,50.2,6.37,Medium
59.4,63.2,63.3,65.2,6.08,Medium
64.7,70.9,61.2,61.1,5.81,Medium
68.7,75.7,77.4,75.0,7.52,Medium
61.3,69.1,55.8,76.0,6.58,Medium
76.3,67.0,75.2,70.4,7.7,Medium
96.0,97.8,99.2,100.0,10.0,Low
82.5,78.7,71.0,83.4,8.54,Low
61.9,70.3,73.1,63.7,7.09,Medium
78.9,88.2,81.0,100.0,8.83,Low
65.8,68.7,64.6,50.9,7.23,Medium
50.0,47.0,48.7,51.0,5.14,High
55.0,59.7,62.3,60.8,5.75,Medium
43.3,43.8,42.2,37.6,4.0,High
68.9,57.7,61.8,79.4,6.2,Medium
62.7,70.3,77.9,53.6,7.17,Medium
100.0,91.4,100.0,90.5,9.74,Low
76.1,72.5,70.0,64.0,7.84,Low
76.5,64.1,60.4,70.4,6.9,Medium
78.0,75.6,65.9,72.4,8.25,Low
47.7,25.0,38.1,40.7,4.0,High
78.2,68.9,72.9,71.9,7.55,Low
84.9,82.9,90.7,77.2,9.08,Low
49.2,38.4,50.7,51.3,5.29,High
85.7,87.3,97.8,84.7,8.98,Low
82.3,88.4,69.5,65.3,8.02,Low
64.6,70.9,72.9,89.0,6.19,Medium
67.7,91.0,75.3,75.1,7.7,Low
91.3,100.0,100.0,78.0,9.43,Low
71.6,80.9,61.1,65.1,7.21,Medium
75.6,68.7,75.6,62.3,7.16,Low
62.8,58.6,47.2,70.5,6.92,Medium
64.6,38.1,55.1,60.1,5.49,Medium
70.7,90.8,86.0,86.0,7.84,Low
58.0,67.9,53.0,53.8,6.69,Medium
60.2,67.2,62.7,68.6,6.88,Medium
67.4,61.1,69.6,59.5,6.36,Medium
76.6,71.9,76.4,76.5,7.94,Medium
77.5,77.7,71.1,82.5,6.93,Low
80.4,93.4,85.9,88.6,9.17,Low
70.0,50.2,83.4,66.9,6.55,Low
72.2,68.8,75.2,70.4,7.37,Low
58.8,53.4,64.6,63.3,5.19,High
62.6,64.1,66.8,65.9,6.38,Medium
79.1,78.9,77.0,78.9,7.59,Medium
77.1,80.0,62.2,92.1,8.27,Low
61.3,55.4,50.7,50.2,4.89,High
92.9,81.5,79.2,75.3,8.36,Low
96.8,97.1,75.3,79.7,8.32,Low
71.8,79.1,66.9,77.8,7.8,Medium
100.0,99.5,82.2,81.3,8.74,Low
50.6,49.5,58.1,62.6,4.91,Medium
54.8,48.7,57.9,50.3,5.54,Medium
46.0,49.6,52.2,53.5,4.06,High
81.2,92.7,95.8,86.4,8.75,Low
72.8,84.4,72.1,78.0,8.62,Low
67.5,81.5,53.7,79.3,7.08,Medium
72.4,81.5,60.1,86.6,7.86,Low
45.9,53.8,43.0,47.0,5.23,High
100.0,94.4,90.9,99.6,10.0,Low
73.4,54.1,70.7,74.6,6.89,Medium
70.5,70.5,63.5,75.0,8.04,Medium
76.4,78.6,83.6,78.5,8.06,Low
83.5,79.9,75.4,88.7,6.89,Low
83.3,72.3,73.4,56.4,7.58,Low
55.2,55.9,67.3,54.4,5.97,Medium
73.4,64.6,67.6,81.1,7.18,Medium
100.0,91.4,100.0,100.0,9.34,Low
88.0,93.5,90.1,100.0,9.01,Low
93.1,100.0,91.2,100.0,9.56,Low
66.8,61.6,69.4,59.8,5.0,Low
43.7,57.5,62.2,66.9,6.04,High
76.0,74.8,60.5,61.7,6.56,Low
71.3,65.2,69.4,79.2,6.42,Medium
83.9,89.0,88.7,100.0,9.11,Low
44.1,39.4,42.4,55.5,4.45,High
92.7,99.0,97.6,93.9,9.9,Low
57.2,68.7,69.9,64.6,6.98,Medium
72.6,65.7,78.3,49.8,6.36,Medium
55.1,49.3,42.6,57.6,5.41,High
47.8,50.1,44.2,35.1,4.76,High
88.1,96.9,75.1,75.2,8.03,Low
65.0,64.0,75.9,60.4,6.68,Medium
53.5,48.3,37.7,46.5,5.37,High
49.0,52.2,53.3,50.3,4.99,High
70.0,70.5,59.9,67.4,6.51,Medium
82.3,91.1,89.2,89.6,10.0,Low
65.5,46.3,54.5,75.7,6.55,Medium
43.8,57.0,43.7,45.6,4.75,High
68.9,71.6,75.0,59.2,6.33,Medium
68.7,53.7,65.7,67.9,6.81,Medium
40.0,30.7,40.0,52.7,4.0,High
64.9,80.2,82.5,72.2,7.37,Medium
65.9,76.7,68.6,63.3,6.36,Medium
75.1,87.0,76.0,66.7,7.82,Low
100.0,96.5,100.0,95.8,10.0,Low
84.7,87.5,82.5,89.0,8.82,Low
48.5,65.1,61.9,62.5,6.14,High
51.2,61.3,41.2,38.4,5.99,Medium
91.8,91.9,100.0,90.3,8.95,Low
61.1,65.2,67.8,84.0,7.48,Medium
62.8,77.3,71.7,83.1,6.39,Medium
70.3,69.3,61.4,61.7,7.91,Medium
80.9,82.6,76.5,79.0,6.52,Low
69.7,63.1,61.7,57.2,7.36,Medium
57.8,61.0,60.3,74.0,6.1,Medium
64.5,55.3,68.8,64.0,6.0,Medium
66.8,69.6,75.8,78.1,7.04,Medium
57.7,51.5,61.7,46.4,6.5,Medium
52.4,55.9,45.2,65.4,5.48,Medium
61.1,61.5,95.5,71.5,6.75,Medium
63.8,71.0,80.1,73.8,6.94,Low
93.5,97.6,98.3,100.0,8.4,Low
40.0,25.0,30.0,35.6,4.0,High
83.9,95.7,85.5,81.0,10.0,Low
83.0,100.0,84.3,95.7,8.39,Low
42.5,39.2,49.0,38.4,4.46,High
57.0,60.4,67.0,57.0,6.19,Medium
69.1,84.2,58.2,56.1,6.7,Medium
42.9,39.7,45.1,35.6,5.22,High
53.8,58.5,67.3,53.7,6.4,Medium
44.5,54.6,66.1,63.3,5.23,High
93.3,100.0,100.0,97.9,10.0,Low
89.9,86.6,90.1,79.3,8.11,Low
92.2,85.6,87.1,96.3,9.02,Low
86.7,74.2,54.9,73.3,8.21,Low
56.2,50.7,55.4,53.9,4.75,Medium
55.5,55.1,62.1,60.5,6.07,Medium
75.4,77.7,78.5,84.4,7.81,Low
47.0,47.7,52.1,37.5,4.95,High
88.7,70.2,70.1,73.0,9.29,Low
59.2,75.2,70.9,51.7,6.22,Medium
69.7,60.9,69.4,62.0,7.03,Medium
86.0,71.8,86.1,91.6,8.49,Low
87.6,75.5,84.2,72.1,7.66,Low
62.1,65.1,69.4,60.0,6.03,Medium
91.7,75.2,84.1,95.2,8.35,Low
67.5,56.1,53.2,63.4,5.12,Medium
75.5,71.9,80.0,78.4,7.03,Low
69.7,90.9,79.8,85.1,7.39,Low
54.1,69.0,73.3,55.7,5.79,Medium
79.2,72.1,80.0,87.3,8.16,Low
40.0,46.0,67.9,70.6,5.43,High
81.6,83.1,100.0,88.6,8.78,Low
69.9,71.5,67.9,48.5,7.02,Medium
63.3,62.0,31.5,57.1,6.3,Medium
88.3,84.2,95.6,91.3,9.3,Low
60.8,59.8,55.1,55.6,5.64,High
56.5,44.6,42.5,60.3,4.94,High
40.9,44.2,43.5,51.9,5.04,High
75.0,64.5,75.5,72.7,7.25,Low
46.2,57.6,55.7,51.1,6.63,High
100.0,98.4,83.8,88.3,9.65,Low
44.2,33.4,30.1,37.1,4.0,High
98.2,100.0,98.2,90.5,10.0,Low
80.3,73.8,78.1,83.7,7.77,Low
61.5,61.3,73.7,87.6,6.87,Medium
71.8,67.8,55.5,48.9,6.25,Medium
85.1,78.8,68.2,58.7,6.85,Medium
73.8,72.2,65.4,67.2,6.67,Low
97.2,83.6,88.5,72.9,8.91,Low
61.8,74.9,83.6,72.1,7.39,Low
69.1,70.4,55.9,79.0,7.84,Medium
60.1,68.4,62.8,78.0,6.39,Medium
73.5,55.8,58.5,71.0,6.22,Medium
68.3,71.6,61.4,72.9,7.99,Low
48.9,56.4,52.1,26.5,5.15,High
58.0,44.4,54.1,50.0,5.43,High
85.3,76.9,84.7,81.8,8.03,Low
74.3,69.4,79.9,78.3,7.78,Low
61.3,58.7,63.4,60.9,8.44,Medium
65.2,54.8,66.8,66.4,7.09,Medium
82.7,73.6,92.7,61.9,6.87,Medium
66.6,62.9,59.9,41.3,5.9,Medium
58.1,58.0,64.2,48.3,6.15,Medium
70.4,71.9,73.0,58.8,6.49,Medium
43.2,55.6,40.5,58.4,5.62,High
69.7,83.3,59.8,71.5,7.8,Low
55.9,43.1,39.8,39.6,5.21,High
77.8,81.4,93.9,76.6,9.2,Low
78.2,75.1,83.4,48.0,8.14,Low
79.9,77.9,81.2,87.4,6.3,Low
77.2,94.6,76.8,75.7,8.93,Low
96.1,90.6,100.0,91.3,9.85,Low
90.8,85.9,77.5,72.1,8.65,Low
42.5,44.8,44.1,51.1,4.0,High
68.0,43.9,50.7,52.1,4.69,High
50.6,60.8,59.2,53.2,5.48,Medium
76.7,60.1,81.1,66.9,6.03,Medium
76.7,65.4,72.1,92.9,7.78,Medium
63.7,61.7,48.3,58.5,5.51,Medium
75.4,70.1,73.0,71.2,8.59,Low
54.3,60.1,55.5,50.2,5.78,Medium
62.2,60.7,87.8,43.8,6.73,Medium
40.0,42.1,54.3,47.5,4.11,High
59.8,55.8,52.9,59.1,5.35,Medium
51.5,41.1,41.3,59.6,5.02,High
59.2,65.1,40.3,35.1,5.08,Medium
92.2,76.3,77.6,75.7,8.37,Low
58.0,54.4,56.7,50.5,5.47,Medium
98.9,90.7,100.0,98.0,9.68,Low
72.1,81.4,86.4,76.1,8.67,Low
68.5,70.5,74.6,71.7,7.47,Low
64.2,53.5,54.5,60.8,5.95,Medium
89.1,86.5,82.7,72.4,8.32,Low
59.9,61.6,57.2,69.8,6.44,Medium
72.1,75.4,85.6,75.7,7.14,Low
92.6,91.1,96.5,95.1,9.64,Low
75.6,58.7,67.9,83.0,6.94,Medium
91.2,88.0,69.5,100.0,9.3,Low
71.1,57.2,57.9,67.8,6.51,Medium
64.2,73.9,76.2,42.3,6.83,Medium
94.3,96.0,88.0,100.0,10.0,Low
62.0,62.0,54.6,67.7,5.96,Medium
100.0,85.8,100.0,100.0,9.74,Low
79.3,93.8,68.8,91.8,7.82,Low
56.3,60.4,70.0,75.8,6.07,Medium
84.8,84.4,75.2,87.4,8.62,Low
88.9,78.7,81.5,96.7,8.51,Low
73.8,81.5,70.3,97.3,8.0,Low
54.6,37.3,49.5,48.4,4.0,High
66.1,62.3,78.8,44.9,5.75,Medium
67.1,63.8,72.5,63.5,6.51,Medium
69.4,69.1,62.0,72.4,6.47,Medium
82.6,84.2,88.4,80.0,7.94,Low
67.5,64.0,70.1,61.4,7.05,Medium
50.2,45.2,61.0,35.3,5.04,High
62.8,78.9,82.2,69.0,7.63,Medium
84.4,93.8,55.6,86.4,7.44,Low
69.0,77.4,70.4,92.6,7.64,Low
95.2,90.3,93.8,94.5,8.66,Low
80.5,81.8,83.7,92.0,8.84,Low
75.6,90.5,68.7,76.2,7.82,Low
65.2,56.7,63.9,53.3,6.56,Medium
43.4,45.7,30.0,41.0,4.71,High
85.0,65.1,75.7,74.1,8.5,Low
58.2,55.6,90.8,68.6,7.77,Medium
81.7,76.2,80.5,74.6,7.68,Medium
52.9,51.8,68.4,54.8,5.45,Medium
46.5,51.8,60.8,61.5,6.1,High
79.3,85.1,94.0,83.3,9.12,Low
79.5,91.1,85.2,52.3,7.22,Low
74.5,78.4,83.2,75.9,8.56,Low
63.5,74.0,68.9,70.8,6.5,Medium
77.3,65.9,78.7,81.5,6.29,Low
86.1,86.1,95.7,79.0,8.49,Low
56.6,60.6,58.4,66.9,6.26,Medium
72.7,68.6,65.7,74.1,6.87,Low
56.9,75.8,64.2,63.5,6.72,Medium
70.1,71.7,70.1,71.9,5.42,Medium
71.7,66.3,71.7,59.4,6.27,Medium
76.5,57.2,61.9,68.2,7.09,Medium
65.0,60.3,78.1,62.7,5.46,Medium
99.4,100.0,83.7,83.1,9.63,Low
56.6,55.0,54.5,61.2,4.98,Medium
60.1,74.9,60.0,60.8,6.43,Medium
66.1,73.5,85.0,65.4,6.79,Low
100.0,93.2,93.6,90.8,9.49,Low
66.9,67.1,66.1,74.9,6.74,Medium
83.3,68.4,92.4,81.3,8.89,Low
50.2,52.5,53.9,44.7,4.92,Medium
73.7,68.3,72.5,74.9,8.57,Low
77.5,84.6,90.1,85.2,8.54,Low
78.0,62.5,64.6,71.2,7.05,Low
99.9,84.1,82.0,100.0,8.17,Low
63.4,62.5,46.2,53.3,5.85,Medium
85.7,93.0,80.5,90.6,8.7,Low
88.7,90.2,100.0,83.8,10.0,Low
66.1,72.9,77.7,67.9,6.46,Medium
69.9,59.1,63.8,53.3,6.61,Medium
94.7,80.1,100.0,89.3,9.94,Low
93.7,92.9,92.4,90.3,8.19,Low
58.6,62.4,60.2,64.7,6.86,Medium
57.1,64.8,64.1,58.7,6.4,Medium
70.8,75.3,64.8,60.4,6.79,Medium
55.3,48.2,48.1,62.8,4.57,High
46.9,55.4,65.4,58.8,5.24,High
64.5,47.2,56.1,49.9,5.74,High
61.9,64.2,64.2,56.2,7.04,Medium
77.9,70.8,77.7,84.3,7.45,Low
65.5,70.6,76.6,71.4,7.98,Low
85.1,79.9,85.5,87.1,9.23,Low
54.1,65.1,44.2,48.9,5.2,Medium
87.8,76.2,86.0,79.8,8.09,Low
77.6,62.7,65.4,61.4,6.43,Medium
73.5,71.8,70.0,57.7,5.9,Medium
78.7,71.7,80.0,70.0,7.65,Medium
47.0,42.7,73.8,45.7,5.04,High
83.1,60.9,65.1,81.1,7.49,Low
66.7,77.5,56.6,69.1,7.32,Low
87.2,73.6,80.0,75.5,7.92,Low
72.6,94.8,71.3,85.8,7.43,Low
100.0,91.0,100.0,100.0,9.51,Low
64.5,54.0,65.1,57.9,5.06,Medium
61.2,58.1,72.3,56.4,5.92,Medium
57.5,62.4,48.6,52.9,5.58,Medium
59.6,58.4,57.2,67.9,6.4,Medium
63.0,64.7,63.9,58.6,6.5,Medium
88.3,81.0,94.0,84.4,9.25,Low
87.7,81.6,100.0,84.0,9.51,Low
60.4,48.9,69.1,54.5,6.08,Medium
58.0,41.9,57.1,60.4,5.49,High
64.3,73.4,69.9,65.2,7.33,Low
64.5,59.6,57.2,70.7,5.42,Medium
73.6,75.1,74.8,74.7,8.45,Low
66.1,81.7,78.3,71.7,7.22,Low
40.0,55.9,49.3,35.2,4.1,High
82.4,90.9,82.6,93.1,8.91,Low
88.8,84.4,93.5,94.0,9.26,Low
56.6,56.8,67.8,60.4,6.1,Medium
75.9,60.0,67.0,77.4,6.95,Medium
71.1,69.7,78.8,75.9,7.25,Low
76.1,70.1,78.1,67.9,6.38,Medium
82.3,75.3,92.9,73.5,7.89,Low
98.8,95.3,99.9,100.0,9.72,Low
66.9,62.9,64.3,79.0,6.62,Medium
50.9,59.5,50.7,60.6,5.49,Medium
58.0,51.8,51.3,55.5,5.04,Medium
69.9,52.7,39.5,64.5,5.94,Medium
59.4,78.4,68.0,82.3,6.94,Medium
90.8,90.1,95.3,79.4,9.9,Low
60.6,50.9,51.3,68.2,6.01,Medium
67.6,76.0,65.9,82.2,7.09,Medium
72.8,64.0,76.2,57.7,7.67,Medium
83.5,90.1,89.7,79.9,9.06,Low
100.0,81.2,98.8,90.3,10.0,Low
69.2,71.8,64.5,55.5,6.82,Medium
63.9,67.4,63.4,58.3,6.53,Medium
91.8,75.2,95.6,87.8,9.03,Low
86.9,69.9,81.2,88.0,7.23,Low
94.3,100.0,86.0,100.0,9.87,Low
73.9,73.6,91.8,71.2,7.78,Low
65.1,58.8,67.6,57.0,7.3,Medium
84.0,63.0,74.1,90.7,8.35,Low
87.5,84.2,76.6,92.5,8.35,Low
72.8,80.7,85.5,83.1,8.42,Low
72.8,82.6,76.7,81.9,7.84,Low
85.6,76.2,98.6,85.7,8.83,Low
87.1,76.9,84.8,92.3,8.24,Low
100.0,93.9,84.0,87.7,9.25,Low
71.4,86.8,86.9,82.1,7.86,Low
70.5,56.5,74.9,53.9,6.89,Low
81.1,79.8,73.5,66.0,6.86,Medium
100.0,88.4,93.5,82.0,8.52,Low
55.3,65.4,57.4,54.4,6.36,Medium
78.5,75.0,77.4,67.2,7.03,Low
67.5,46.4,73.4,59.3,5.92,Medium
71.6,69.4,75.4,56.8,7.02,Low
88.6,96.6,87.8,94.1,8.53,Low
75.5,66.6,83.7,72.1,6.84,Medium
55.5,68.0,51.8,55.3,7.12,Medium
53.7,48.4,66.0,42.1,4.21,Medium
82.0,60.9,67.5,84.2,7.62,Medium
78.3,91.4,74.7,74.8,9.0,Low
100.0,91.7,97.7,91.7,10.0,Low
61.3,68.9,64.2,64.7,6.17,Medium
70.9,72.7,81.3,76.4,7.54,Medium
85.7,82.5,65.3,60.8,7.66,Low
88.7,96.5,95.7,98.6,9.86,Low
65.3,66.9,63.9,61.4,6.79,Medium
73.3,67.9,76.5,74.0,7.91,Low
84.2,84.7,78.6,78.8,6.89,Low
74.0,59.7,73.5,68.1,6.75,Medium
55.5,67.8,58.9,54.1,6.41,Medium
69.7,65.2,68.8,70.3,7.46,Medium
82.5,94.9,88.4,100.0,8.15,Low
54.1,55.7,62.2,42.3,5.59,Medium
74.5,76.5,67.2,87.2,6.89,Low
62.0,60.1,52.5,57.2,5.81,Medium
77.3,75.7,92.8,88.2,9.3,Low
53.5,41.1,46.9,37.4,5.17,High
63.1,66.3,68.3,54.7,5.66,Medium
84.0,76.8,68.4,71.1,7.04,Low
96.1,100.0,79.2,84.1,9.14,Low
75.6,71.8,64.7,67.1,6.89,Medium
64.5,54.9,55.5,58.0,5.84,High
100.0,92.4,97.4,100.0,10.0,Low
51.4,49.0,43.2,37.8,5.0,High
40.0,25.0,42.9,37.9,4.0,High
90.2,88.3,74.3,78.8,7.03,Low
67.8,65.6,63.7,52.8,6.83,Medium
58.1,63.3,55.9,60.9,4.06,High
73.0,69.6,82.2,77.0,8.48,Low
65.9,82.4,73.5,51.2,7.83,Medium
63.3,77.2,65.6,67.5,5.94,Medium
51.7,41.5,44.4,40.7,5.72,High
79.4,88.5,94.3,73.7,8.28,Low
80.6,79.8,77.9,85.9,8.01,Low
78.0,57.7,58.0,65.4,7.02,Low
100.0,100.0,99.2,100.0,10.0,Low
47.1,59.8,47.1,64.8,6.07,High
46.4,42.9,52.4,41.3,5.06,High
54.8,67.8,77.3,66.8,5.51,Medium
67.0,57.6,63.0,62.5,7.0,Medium
71.2,63.2,76.3,93.7,6.96,Low
63.5,67.3,52.3,60.1,7.05,Medium
67.8,75.5,78.9,84.5,7.6,Low
50.5,46.2,44.1,58.8,4.56,High
88.3,97.3,86.7,94.5,9.21,Low
51.2,72.5,60.0,62.7,6.45,Medium
99.1,92.8,92.6,85.4,8.75,Low
81.7,74.3,83.2,55.8,7.08,Low
74.6,81.1,77.0,78.9,7.7,Low
78.7,75.4,71.6,81.7,8.23,Low
69.7,91.1,89.4,77.9,7.65,Low
89.8,74.0,73.6,52.9,7.77,Medium
100.0,100.0,72.6,78.5,9.1,Low
73.9,73.2,76.6,66.2,7.64,Medium
86.8,71.0,71.8,83.3,7.51,Low
69.7,78.2,76.6,71.3,7.0,Medium
83.6,92.5,88.6,90.1,9.82,Low
57.4,65.8,64.7,65.6,6.27,Medium
97.8,100.0,100.0,87.8,9.73,Low
66.7,71.8,59.7,74.9,7.26,Medium
47.2,44.4,44.0,52.8,5.08,High
71.4,78.8,71.3,75.3,7.57,Low
59.3,59.8,72.1,58.1,4.97,Medium
82.9,87.4,77.3,99.1,7.48,Low
53.8,45.1,55.5,64.6,6.52,Medium
59.0,66.4,67.1,54.6,5.58,Medium
40.0,37.2,37.0,43.9,4.37,High
69.1,74.8,64.4,70.0,6.15,Medium
40.0,39.4,30.0,29.7,4.0,High
53.2,47.9,64.0,56.0,4.8,High
89.7,84.8,70.6,84.8,8.24,Low
80.0,74.8,79.2,60.7,9.23,Medium
60.8,87.7,76.1,79.1,7.33,Medium
53.3,69.4,70.8,51.8,6.27,Medium
68.9,72.0,58.7,74.1,7.1,Medium
63.9,81.1,85.8,78.4,6.66,Medium
49.5,48.6,58.7,54.4,5.66,High
100.0,87.0,95.9,100.0,9.54,Low
87.1,83.4,75.3,81.6,8.33,Low
61.1,69.7,71.3,72.3,6.8,Medium
60.8,67.6,64.6,77.6,6.74,Medium
71.2,76.9,83.3,72.2,6.9,Medium
40.0,41.5,31.6,46.4,4.32,High
69.3,59.3,65.4,60.9,6.52,Medium
56.6,63.4,55.3,56.0,5.94,Medium
58.0,61.0,47.1,43.2,5.64,Medium
77.4,67.0,71.7,68.0,6.71,Low
100.0,100.0,100.0,99.9,8.98,Low
79.3,71.1,89.3,90.2,8.6,Low
60.3,64.7,47.2,68.6,6.2,Medium
76.4,70.4,87.1,76.0,7.76,Low
98.1,83.2,100.0,80.4,9.31,Low
80.1,79.5,80.3,87.8,8.51,Low
71.2,64.3,86.1,80.9,7.47,Medium
60.6,56.5,58.2,67.1,6.3,Medium
77.5,79.0,69.5,90.2,8.41,Low
67.7,81.8,73.5,74.0,8.27,Low
85.4,81.2,91.8,79.2,8.78,Low
79.2,68.4,72.8,72.9,7.87,Low
88.7,93.7,80.9,85.2,8.01,Low
58.8,56.1,66.7,61.3,7.03,Medium
97.1,89.3,89.8,91.6,8.86,Low
67.7,76.1,77.6,71.8,7.06,Low
100.0,99.4,99.9,96.8,8.93,Low
49.2,67.3,63.5,52.7,6.14,High
98.6,99.4,92.6,100.0,9.68,Low
75.8,66.9,74.8,73.7,6.54,Medium
55.5,75.5,52.8,58.7,6.25,Medium
65.3,64.1,73.0,56.0,6.03,Medium
72.9,64.2,60.1,53.2,7.86,Medium
63.1,83.1,85.4,88.1,7.35,Low
80.9,79.6,76.0,82.8,7.57,Low
46.4,64.2,63.0,46.8,5.7,High
63.8,87.1,65.7,76.5,7.6,Low
100.0,96.1,89.9,100.0,9.61,Low
92.4,93.7,82.0,97.0,9.23,Low
69.5,77.4,68.1,90.9,8.01,Medium
69.4,78.1,68.0,72.5,6.37,Medium
84.2,61.3,73.5,59.0,7.49,Medium
68.2,65.4,87.3,82.5,8.81,Low
48.4,50.5,51.1,56.9,5.75,High
75.1,54.7,59.1,60.7,6.93,Medium
56.1,42.0,33.4,50.1,4.93,High
75.4,79.5,79.8,61.0,8.45,Low
72.3,73.5,90.8,88.6,8.58,Low
75.3,52.8,72.9,54.8,6.5,Medium
100.0,94.1,99.3,84.7,9.81,Low
55.7,57.7,56.7,50.6,4.72,Medium
43.2,36.2,61.6,51.9,5.19,High
73.1,79.1,76.0,74.8,6.83,Medium
84.7,91.4,90.9,79.0,8.39,Low
97.2,100.0,92.7,90.7,7.98,Low
71.8,71.6,52.2,52.9,6.51,Medium
91.5,100.0,80.7,84.2,8.3,Low
63.0,66.9,69.3,79.1,7.5,Medium
75.7,68.2,67.9,67.4,6.94,Medium
85.1,80.3,98.7,91.0,8.89,Low
83.9,79.8,80.4,92.9,7.44,Low
55.2,57.1,55.8,41.1,5.15,High
85.5,82.7,88.7,90.5,10.0,Low
90.5,84.7,88.2,100.0,9.45,Low
57.4,70.3,50.0,73.6,6.46,Medium
66.5,83.1,70.0,60.9,7.68,Medium
79.5,74.9,81.6,80.9,7.48,Medium
89.0,79.9,74.0,73.9,7.77,Low
50.7,64.1,69.3,69.2,5.42,Medium
59.7,70.4,61.4,53.2,5.78,Medium
73.5,70.1,66.8,62.1,6.08,Medium
88.3,94.8,100.0,81.5,8.41,Low
77.5,96.6,77.4,73.0,8.14,Low
56.6,68.6,73.7,71.8,6.7,Medium
83.0,81.9,78.4,70.9,8.18,Low
40.0,40.1,40.7,29.4,4.0,High
74.1,84.7,94.7,71.1,7.78,Low
51.1,60.6,45.6,53.0,4.2,High
70.3,65.8,45.7,76.0,6.12,Medium
53.5,51.3,53.4,50.3,4.99,Medium
52.0,44.7,60.4,47.9,5.36,Medium
93.9,95.1,91.6,91.5,8.31,Low
64.3,69.1,66.6,76.3,6.0,Medium
80.6,71.7,61.4,78.9,6.48,Low
67.5,73.3,63.5,63.0,6.78,Medium
85.0,66.6,80.4,62.6,7.17,Medium
73.1,72.4,74.4,61.1,7.15,Medium
51.9,53.9,60.5,51.4,4.6,Medium
77.3,96.9,83.8,79.0,8.55,Low
64.3,57.2,65.8,64.3,6.19,Medium
41.7,37.7,46.8,41.7,5.5,High
59.7,57.3,55.7,54.1,6.61,Medium
87.6,83.2,74.5,81.9,8.33,Low
76.4,92.1,86.2,96.8,7.64,Low
77.5,75.6,66.2,72.8,6.5,Medium
72.7,67.0,59.8,80.3,6.01,Medium
76.7,73.7,52.2,70.0,5.03,Medium
90.7,98.9,100.0,94.1,10.0,Low
76.2,75.1,73.6,87.6,7.93,Low
68.7,74.1,80.9,76.2,7.91,Low
81.3,83.3,100.0,87.4,8.24,Low
68.1,62.7,56.5,73.2,7.57,Medium
73.6,68.0,60.5,39.6,6.26,Medium
64.7,66.8,65.4,81.5,6.81,Medium
75.3,74.1,80.6,73.3,6.43,Low
73.1,70.1,56.4,72.4,7.7,Low
94.7,79.8,96.4,80.4,7.31,Low
61.9,64.7,71.9,72.3,7.69,Low
88.5,81.5,80.2,75.6,8.12,Low
75.7,74.0,67.2,74.3,6.63,Medium
65.3,63.2,67.7,59.4,7.2,Medium
46.1,40.6,48.4,41.7,4.37,High
85.8,85.4,75.2,88.8,9.06,Low
73.8,70.2,78.0,73.4,7.68,Low
80.0,80.9,81.9,88.3,8.05,Low
40.0,36.6,30.0,26.1,4.0,High
100.0,90.1,100.0,89.3,10.0,Low
67.9,70.4,71.3,70.0,7.46,Medium
91.3,80.4,91.5,92.7,9.12,Low
49.7,61.8,63.5,37.5,5.84,High
74.5,95.6,67.8,83.9,8.27,Low
60.7,48.2,68.2,49.3,6.0,Medium
52.5,64.4,40.6,58.9,5.84,Medium
95.5,92.9,91.8,85.9,9.12,Low
67.3,74.4,63.5,59.5,6.75,Medium
73.9,64.4,77.9,82.0,6.92,Low
82.0,86.4,84.8,83.3,7.78,Low
79.8,71.3,76.1,74.0,7.38,Low
76.4,70.8,72.2,71.2,8.47,Low
79.9,68.3,67.7,79.9,7.62,Low
92.1,100.0,86.0,100.0,9.98,Low
67.4,63.3,74.9,68.5,6.3,Medium
80.2,76.9,78.6,82.9,6.38,Low
91.1,83.4,98.4,94.5,8.17,Low
78.3,85.8,80.3,90.3,9.38,Low
89.9,88.8,93.3,88.3,8.95,Low
67.7,74.2,77.3,85.5,8.26,Low
53.1,54.3,62.4,55.7,5.65,High
100.0,100.0,100.0,100.0,9.15,Low
47.1,47.4,54.5,60.9,5.97,High
69.5,82.7,71.8,65.4,7.14,Low
63.3,69.2,66.4,48.9,6.57,Medium
59.8,63.3,74.2,62.7,7.12,Medium
71.1,64.7,69.5,83.7,6.6,Low
78.4,76.9,64.2,60.6,7.11,Low
72.5,72.5,74.0,79.9,6.74,Medium
92.8,100.0,100.0,97.5,10.0,Low
81.3,77.0,86.0,87.3,7.67,Medium
68.9,60.7,57.4,68.0,5.52,Medium
86.1,76.4,75.1,72.4,8.63,Low
85.8,95.5,98.0,79.2,8.52,Low
53.8,47.6,42.5,40.9,4.42,High
78.2,79.3,83.0,74.1,8.74,Low
83.3,87.2,75.6,78.9,8.11,Low
62.6,62.1,78.5,55.0,6.41,Medium
89.5,90.3,84.5,100.0,8.86,Low
61.8,67.6,76.9,55.8,6.02,Medium
71.7,76.7,73.4,84.0,6.54,Medium
62.5,71.5,69.4,78.1,7.38,Low
63.5,68.7,54.5,78.3,6.79,Medium
55.1,54.0,35.9,47.3,5.37,Medium
49.7,45.8,46.6,51.5,4.0,High
98.6,83.6,95.9,82.4,8.73,Low
54.7,59.1,48.3,65.5,6.03,High
57.6,68.4,46.4,54.5,5.7,Medium
41.0,31.5,42.2,34.0,4.65,High
63.1,55.0,64.9,49.4,6.71,Medium
45.2,44.1,49.1,27.9,4.9,High
95.5,99.7,100.0,85.3,9.7,Low
87.3,88.3,75.8,95.2,8.36,Low
59.7,58.6,56.8,56.1,7.0,Medium
85.5,91.6,100.0,96.5,10.0,Low
85.7,85.4,85.3,90.6,8.56,Low
78.4,54.2,66.1,81.4,6.61,Medium
40.0,36.0,53.4,46.9,4.22,High
93.6,100.0,86.8,89.2,10.0,Low
51.4,40.4,55.5,31.7,5.69,High
47.2,34.6,58.6,66.6,4.0,High
92.5,96.4,82.7,100.0,8.76,Low
90.5,93.7,100.0,99.7,9.54,Low
95.2,98.7,82.9,79.3,9.95,Low
82.0,77.4,73.0,87.1,8.62,Low
78.1,77.8,82.0,77.9,7.91,Low
84.8,85.9,89.2,81.8,9.05,Low
87.6,75.2,90.4,89.4,9.03,Low
79.5,75.1,86.8,77.2,7.46,Low
64.7,68.9,71.0,60.9,8.39,Medium
74.0,59.8,78.6,66.1,6.89,Medium
58.3,61.1,56.0,64.6,5.76,Medium
66.2,63.9,73.0,70.4,7.01,Medium
45.0,43.5,46.3,47.0,4.28,High
67.6,60.1,72.1,76.9,6.9,Low
62.3,66.3,58.6,51.9,6.22,Medium
52.9,59.6,40.6,55.1,5.35,High
66.0,79.4,63.7,42.3,6.42,Medium
88.5,88.7,91.7,86.8,9.27,Low
84.8,71.7,70.3,90.6,8.03,Low
53.8,60.1,53.1,42.9,5.08,High
58.8,54.7,62.1,51.0,5.86,Medium
79.0,78.9,86.7,74.7,9.15,Low
70.2,58.2,46.3,64.3,5.98,Medium
68.2,74.8,77.7,71.6,7.21,Medium
85.9,78.1,94.5,85.7,7.49,Low
54.6,64.4,56.7,39.9,5.95,Medium
74.8,79.2,75.7,70.1,8.14,Low
55.0,42.5,51.6,47.5,4.65,High
68.3,56.3,65.2,58.5,7.0,Medium
81.1,81.5,73.8,69.3,7.2,Low
51.3,27.1,45.8,43.0,4.18,High
74.7,75.6,83.9,84.3,7.81,Low
66.3,59.7,88.5,52.5,7.33,Medium
80.3,75.0,67.1,94.3,8.28,Low
79.0,71.3,72.5,77.7,6.85,Medium
89.1,88.0,81.0,90.1,9.26,Low
78.3,68.0,84.6,80.0,6.85,Low
72.3,55.9,58.9,50.5,5.61,Medium
66.3,87.9,60.3,65.9,6.72,Medium
73.1,91.2,83.3,77.1,7.44,Low
69.9,62.6,84.7,83.0,7.33,Medium
72.5,81.7,75.9,70.2,7.64,Low
56.3,56.7,61.1,63.5,5.21,Medium
68.2,61.0,63.3,54.8,6.18,Medium
51.5,48.5,60.3,53.3,4.31,Medium
96.5,91.6,89.3,100.0,9.94,Low
42.7,58.2,50.4,60.3,4.82,High
51.7,60.5,56.0,58.9,5.43,Medium
60.9,55.9,49.9,65.3,6.32,Medium
70.6,74.3,80.8,88.6,8.05,Low
71.7,59.3,74.4,70.1,6.4,Medium
87.8,77.2,93.2,98.7,7.76,Low
79.4,60.0,65.1,69.8,6.46,Medium
88.0,65.8,75.4,73.0,7.83,Medium
56.4,55.6,61.7,63.2,5.75,Medium
97.4,100.0,91.6,94.6,9.04,Low
58.2,60.6,49.7,43.9,5.82,Medium
84.9,74.4,76.2,72.2,7.13,Low
69.7,78.9,81.7,78.8,7.72,Low
65.5,89.4,78.8,61.3,8.78,Low
63.5,70.9,66.1,75.0,6.37,Medium
71.5,65.8,65.0,43.1,7.18,Medium
73.6,60.7,95.9,95.1,7.35,Low
74.2,70.6,75.0,81.3,6.97,Low
77.3,90.3,87.8,82.1,8.59,Low
84.1,93.6,96.1,98.1,9.99,Low
66.8,63.7,58.0,64.4,6.3,Medium
44.5,46.9,48.4,44.2,4.92,High
56.6,67.4,71.0,70.4,7.62,Medium
98.9,80.6,83.0,96.7,9.14,Low
62.7,56.4,45.4,57.1,6.31,High
93.9,100.0,89.5,96.2,9.87,Low
92.4,90.7,96.8,83.3,9.87,Low
60.7,62.1,59.8,62.1,6.73,Medium
76.3,73.2,90.4,80.0,7.81,Low
86.3,96.9,82.6,95.6,8.51,Low
60.0,62.8,58.3,62.4,6.4,Medium
70.1,60.4,79.1,77.2,6.2,Medium
63.2,70.6,62.3,58.1,5.76,Medium
55.8,61.3,61.9,56.8,4.86,High
54.3,56.0,76.7,71.9,5.79,Medium
50.6,55.1,46.1,50.9,4.87,Medium
57.4,74.3,69.7,72.4,5.86,Medium
59.5,62.9,56.3,57.6,6.2,Medium
82.1,61.6,57.9,84.6,8.46,Low
40.0,53.7,44.2,44.3,4.97,High
71.4,71.0,82.0,86.5,7.39,Low
84.5,80.0,86.8,81.6,8.22,Medium
47.6,58.6,45.0,32.4,4.0,High
72.9,77.7,72.6,81.7,7.61,Low
84.3,85.7,83.2,85.7,8.82,Low
40.0,36.4,62.0,57.4,4.77,High
95.7,100.0,91.1,70.5,10.0,Low
88.5,66.9,78.6,76.3,6.88,Medium
61.1,52.4,60.7,55.3,6.3,Medium
69.0,66.8,80.9,59.6,6.87,Medium
80.3,88.3,86.1,73.4,8.79,Low
71.1,76.6,60.8,66.0,7.28,Low
73.2,77.0,68.6,77.6,7.63,Medium
61.1,58.3,60.8,43.9,5.5,Medium
73.9,68.3,72.0,75.4,7.27,Low
48.9,49.8,45.2,61.1,4.31,High
62.5,68.8,76.5,70.9,6.45,Medium
64.3,63.2,57.9,63.7,4.75,Medium
63.0,65.7,59.4,68.8,5.44,Medium
85.2,92.0,94.8,99.7,8.9,Low
92.4,83.8,83.4,100.0,8.79,Low
76.2,84.3,91.7,74.6,6.92,Low
48.9,53.0,47.3,47.1,5.29,High
60.7,57.7,70.5,72.3,6.81,Medium
77.6,85.4,99.7,94.6,8.74,Low
75.0,72.7,61.1,79.1,6.9,Medium
87.0,100.0,95.3,100.0,9.59,Low
68.5,74.6,85.0,76.0,7.32,Medium
60.4,64.4,82.1,76.7,6.97,Low
64.8,65.8,64.0,56.5,6.62,Medium
71.1,72.8,66.1,91.2,8.35,Medium
65.8,69.0,75.4,64.7,6.4,Medium
74.4,87.1,90.1,77.8,7.9,Low
77.3,91.5,75.0,81.2,8.41,Low
61.0,54.1,48.6,52.4,5.48,High
46.7,45.7,51.8,43.5,5.55,High
44.4,35.2,47.5,37.7,4.0,High
72.3,82.5,75.2,65.3,7.5,Medium
54.5,63.6,58.9,46.4,5.75,Medium
45.5,35.5,32.0,55.2,4.0,High
79.3,74.1,58.9,82.4,7.17,Medium
95.5,100.0,94.6,100.0,10.0,Low
71.5,73.4,70.4,80.5,7.44,Medium
81.1,85.6,80.4,99.1,8.36,Low
71.3,62.9,62.0,55.3,6.72,Medium
66.6,73.3,54.0,57.4,7.08,Medium
82.8,77.3,79.7,76.6,8.18,Low
66.9,57.7,72.8,61.4,6.94,Medium
68.1,71.6,84.1,71.3,8.14,Medium
68.7,70.7,84.3,70.8,6.18,Low
51.6,58.4,53.5,62.0,6.05,Medium
75.3,74.8,75.7,85.2,7.62,Low
60.1,74.1,71.3,60.9,7.96,Medium
59.6,66.6,63.7,39.1,5.63,Medium
72.7,64.4,81.2,69.1,8.18,Medium
59.6,63.4,40.4,51.6,5.63,Medium
70.6,64.7,63.5,68.2,6.64,Medium
58.1,75.9,69.6,59.7,6.53,Medium
90.2,85.8,90.2,81.9,9.42,Low
82.0,77.3,83.3,66.9,8.19,Low
63.7,68.3,70.8,68.5,7.93,Medium
84.8,90.8,84.9,72.6,8.25,Low
85.7,82.2,91.5,83.2,9.23,Low
79.0,82.6,83.9,66.6,7.7,Low
62.6,77.9,72.7,68.8,6.87,Medium
40.0,55.3,50.8,42.5,4.51,High
51.7,70.3,51.9,62.2,5.44,Medium
64.7,61.7,66.1,69.1,6.15,Medium
58.5,67.6,64.7,60.2,6.31,Medium
60.1,66.5,69.3,60.0,6.8,Medium
68.5,79.5,73.9,74.3,7.23,Low
79.6,77.9,88.7,84.2,8.63,Low
68.7,66.2,71.1,70.2,6.88,Medium
78.4,86.4,72.1,91.7,8.11,Low
66.9,67.5,78.0,75.1,8.12,Medium
47.4,30.5,30.0,48.6,4.69,High
48.9,52.3,47.3,57.1,6.17,High
70.8,72.2,70.5,73.9,6.63,Medium
58.9,61.6,56.0,44.7,5.3,Medium
81.9,79.8,69.0,74.9,7.24,Low
91.7,100.0,89.9,96.1,9.55,Low
85.1,78.8,83.4,91.4,8.97,Low
73.0,63.7,62.9,71.4,6.69,Medium
83.8,90.3,99.9,100.0,9.75,Low
66.4,71.4,77.9,59.4,6.62,Medium
62.6,65.5,64.8,56.2,7.31,High
68.2,65.6,56.4,62.9,6.53,Medium
67.7,62.3,54.7,58.9,6.51,Medium
58.4,65.2,75.5,94.6,6.34,Medium
70.7,72.2,77.3,77.2,7.5,Medium
68.7,65.9,66.8,71.7,8.0,Medium
65.8,69.3,75.8,65.4,7.06,Low
82.4,75.5,76.0,72.2,7.73,Low
79.6,86.7,85.6,88.1,8.8,Low
93.9,84.5,87.7,85.3,9.32,Low
52.7,48.3,41.8,43.6,4.59,High
41.5,32.0,32.2,32.5,4.0,High
81.2,92.9,85.0,96.1,9.13,Low
48.6,41.3,45.5,62.0,5.02,High
58.0,61.6,72.0,68.9,7.23,Medium
49.3,71.9,67.4,40.4,4.79,High
45.9,35.7,36.9,47.8,4.19,High
85.9,68.6,64.8,92.1,8.55,Low
74.7,86.5,65.4,93.7,7.8,Medium
59.2,46.8,60.1,68.0,6.06,Medium
40.0,33.4,30.0,47.8,4.0,High
53.4,76.8,63.5,62.3,5.69,Medium
79.4,65.1,76.9,81.5,7.38,Medium
43.5,33.9,35.0,41.7,4.84,High
71.6,62.3,58.2,75.4,7.3,Medium
67.1,76.1,72.1,81.7,7.62,Medium
74.0,86.6,79.8,73.4,8.64,Low
71.8,68.2,68.4,64.0,6.75,Medium
54.1,60.2,42.1,56.3,5.6,High
85.7,97.7,91.7,85.9,9.13,Low
63.3,80.1,77.8,73.5,7.52,Low
71.5,67.9,71.8,65.5,7.32,Low
65.9,39.9,49.2,71.5,5.75,Medium
64.2,57.6,63.7,51.7,6.67,High
62.7,53.7,45.8,68.0,6.01,Medium
59.1,65.6,75.9,60.5,6.28,Medium
96.6,94.4,96.3,79.5,9.66,Low
42.8,57.3,35.3,51.6,5.67,High
40.0,54.7,43.4,43.5,4.48,High
87.6,90.9,95.8,82.1,9.27,Low
74.0,74.5,64.2,51.7,6.56,Medium
65.7,62.5,57.8,59.9,4.84,Medium
87.1,86.1,75.8,94.4,8.57,Low
51.7,67.3,65.4,66.2,6.24,Medium
96.2,97.9,92.2,97.9,9.48,Low
82.0,94.6,62.9,84.5,7.44,Low
63.7,52.6,59.7,62.4,5.83,Medium
86.9,94.4,100.0,85.1,10.0,Low
55.6,60.0,57.8,48.1,7.08,Medium
80.7,84.2,95.0,79.3,8.8,Low
77.7,83.4,77.9,73.0,6.78,Medium
76.3,89.4,92.2,97.2,9.38,Low
92.4,83.5,92.4,100.0,9.01,Low
71.3,76.4,69.9,75.9,6.76,Low
63.8,64.0,56.6,56.2,5.64,Medium
81.1,63.3,74.5,64.5,8.04,Medium
63.3,59.8,64.1,63.5,6.46,Medium
93.2,86.9,90.5,100.0,9.75,Low
60.6,67.4,63.4,50.6,7.16,Medium
62.2,58.2,55.5,57.0,6.68,Medium
78.8,78.4,89.1,66.6,7.56,Low
58.2,50.6,54.0,50.9,5.57,High
59.7,46.4,57.9,48.2,4.9,Medium
90.6,94.2,79.5,87.7,8.81,Low
62.4,50.1,65.1,58.3,5.48,Medium
51.0,56.6,53.4,52.9,5.4,Medium
77.3,72.4,79.8,71.6,7.69,Low
97.8,85.2,80.0,82.0,8.76,Low
75.1,84.3,82.1,71.1,7.68,Low
94.6,88.6,81.6,88.4,7.75,Low
56.7,68.0,52.5,63.8,4.82,Medium
56.6,48.1,54.5,41.7,4.8,High
84.1,94.7,80.2,100.0,9.04,Low
68.7,62.1,69.7,62.3,6.18,Medium
61.8,67.5,71.7,80.0,7.29,Medium
81.4,93.0,82.9,84.1,8.56,Low
79.7,77.7,71.8,60.1,8.54,Low
82.9,64.2,75.1,80.5,8.5,Low
92.9,100.0,100.0,100.0,8.82,Low
51.4,62.9,59.1,60.7,6.08,Medium
83.4,79.2,87.4,78.1,8.19,Low
70.3,61.9,85.0,70.5,5.63,Medium
77.3,84.4,70.0,69.4,6.68,Low
98.6,96.4,79.2,90.2,9.68,Low
77.3,76.0,84.2,85.2,8.77,Low
89.2,70.1,91.5,79.7,8.26,Low
87.4,80.3,89.2,91.6,8.77,Low
62.4,73.6,55.8,62.4,6.44,Medium
47.7,58.4,56.4,54.3,6.58,High
52.8,50.5,45.4,43.9,6.51,Medium
40.0,44.1,45.6,37.2,4.0,High
100.0,92.3,87.2,68.1,8.8,Low
56.2,64.0,51.1,48.1,4.3,High
59.6,76.2,58.6,65.9,7.33,Medium
66.9,62.6,66.9,70.9,6.56,Medium
78.6,70.2,71.7,72.2,7.55,Low
91.4,63.9,83.7,85.4,7.33,Low
88.2,72.5,83.1,63.3,7.91,Low
65.8,51.9,53.4,60.7,5.98,Medium
67.9,68.4,72.5,52.4,6.85,Medium
76.6,72.0,73.8,63.4,7.22,Low
73.8,56.9,58.4,64.6,6.11,Medium
86.1,92.1,100.0,100.0,9.02,Low
75.3,80.9,81.2,80.7,8.34,Low
76.4,84.7,79.8,81.2,8.22,Low
82.2,66.6,91.3,79.8,8.3,Medium
95.0,86.7,100.0,81.2,8.31,Low
69.1,63.0,71.6,67.8,5.79,Medium
40.0,56.9,53.3,54.4,4.79,High
73.5,81.5,68.1,63.5,7.17,Medium
65.7,53.9,59.1,65.6,6.2,High
65.3,56.7,60.5,58.6,7.85,Medium
81.4,75.6,80.3,86.2,8.23,Low
86.9,72.8,91.2,97.2,10.0,Low
62.6,72.7,74.8,55.3,7.32,Medium
77.7,72.7,76.5,69.4,7.15,Low
90.5,100.0,85.8,87.8,9.73,Low
86.7,65.9,66.1,57.3,8.25,Low
100.0,93.7,93.6,88.7,10.0,Low
75.0,67.9,76.2,100.0,7.56,Low
40.0,36.6,52.0,49.1,4.49,High
80.7,73.0,72.0,98.6,7.42,Low
74.3,82.7,72.9,83.2,7.98,Medium
96.0,84.5,97.0,82.7,9.71,Low
81.2,81.0,77.7,76.7,8.03,Low
63.5,65.3,71.6,73.2,6.46,Medium
63.0,42.7,50.5,55.6,5.34,Medium
67.2,65.7,68.9,61.7,6.9,Medium
61.9,61.4,55.4,43.7,5.76,Medium
57.6,52.8,66.6,90.9,6.22,Medium
81.0,84.5,66.5,77.6,7.8,Low
96.9,89.1,92.1,92.1,10.0,Low
64.6,72.5,78.3,76.9,7.96,Medium
64.2,55.8,56.3,49.9,4.71,High
84.4,72.0,88.6,77.8,7.16,Low
85.6,88.2,84.8,99.5,8.67,Low
54.2,58.7,72.7,59.7,6.45,Medium
70.1,68.9,62.7,57.5,6.87,Medium
70.7,53.6,80.8,68.8,6.7,Medium
60.4,45.4,64.8,54.0,5.95,High
80.9,84.0,72.4,92.5,7.81,Low
71.2,75.4,70.6,78.7,7.26,Low
85.0,69.9,75.9,77.3,7.8,Low
60.1,55.0,61.7,45.2,5.51,Medium
57.1,65.5,61.7,52.4,6.46,Medium
89.0,85.7,78.4,81.0,8.74,Low
74.3,50.2,75.4,67.4,6.16,Medium
100.0,89.7,95.1,92.5,9.79,Low
57.3,61.7,70.6,59.7,6.37,Medium
74.8,78.3,71.6,68.0,7.55,Medium
71.5,100.0,97.3,83.8,8.07,Low
52.0,47.1,43.3,27.3,4.93,High
40.3,33.7,38.7,33.7,4.91,High
58.7,49.9,59.3,41.5,4.24,Medium
84.3,98.2,85.4,99.8,8.23,Low
51.6,62.5,74.5,54.4,5.53,Medium
95.2,91.7,100.0,99.6,9.21,Low
49.7,68.2,60.3,63.6,6.45,High
77.3,77.4,58.3,84.4,6.57,Medium
80.7,85.9,93.0,100.0,9.16,Low
98.2,100.0,98.8,97.5,10.0,Low
85.5,100.0,100.0,93.7,10.0,Low
86.2,96.4,100.0,82.2,8.62,Low
95.2,84.9,79.9,83.2,8.63,Low
81.1,76.4,85.3,75.0,7.94,Low
76.5,90.3,87.8,86.7,8.06,Low
61.5,53.3,70.3,65.5,6.07,Medium
57.8,60.8,61.7,63.1,6.89,Medium
72.8,60.4,54.4,81.3,7.4,Medium
59.2,74.9,66.2,84.2,7.99,Medium
66.8,61.4,54.0,64.3,6.07,Medium
64.2,89.3,78.8,90.3,8.0,Low
80.6,87.8,92.2,81.2,7.77,Low
68.4,62.8,73.8,82.0,6.73,Medium
96.0,100.0,100.0,100.0,10.0,Low
53.0,63.7,55.6,62.0,5.03,High
58.7,73.3,56.7,67.9,7.67,Medium
53.3,53.9,39.1,53.2,5.3,High
43.2,39.9,43.2,29.5,4.0,High
68.3,69.8,67.0,68.4,6.71,Medium
64.7,63.2,60.4,82.0,6.79,Medium
89.8,100.0,79.1,89.9,9.73,Low
83.6,80.5,73.6,86.5,8.17,Low
51.5,35.7,53.1,62.2,5.26,High
97.3,100.0,100.0,95.3,9.71,Low
100.0,85.9,89.8,100.0,8.67,Low
70.2,78.2,91.6,52.6,7.42,Low
55.5,64.0,58.3,55.6,6.22,Medium
60.3,61.3,62.7,47.4,6.07,Medium
60.3,72.3,64.8,57.0,5.53,Medium
84.4,88.3,91.9,89.4,9.44,Low
93.3,95.6,94.5,100.0,9.63,Low
91.6,92.9,100.0,96.7,8.93,Low
72.3,62.8,65.0,68.0,6.64,Medium
58.0,47.6,47.8,44.7,6.06,High
77.3,76.2,72.0,61.1,7.77,Low
40.0,46.7,41.6,47.0,4.6,High
67.9,85.6,78.8,69.2,8.03,Low
50.8,76.6,58.3,53.7,5.92,Medium
58.2,58.2,62.8,71.8,6.04,Medium
51.8,51.8,49.2,58.6,4.15,High
80.8,71.0,78.0,91.7,8.38,Low
60.7,66.9,72.8,63.7,6.01,Medium
52.3,48.8,58.6,58.1,5.67,High
40.0,27.8,34.9,47.3,4.0,High
70.8,71.5,71.3,63.8,6.53,Medium
100.0,77.9,98.9,100.0,9.36,Low
85.2,82.7,98.1,97.4,10.0,Low
64.9,61.9,48.5,71.4,5.93,High
66.6,61.5,58.6,62.6,6.16,Medium
74.5,74.4,65.2,88.7,7.31,Low
59.2,44.0,65.3,57.0,5.35,Medium
91.4,68.8,74.0,61.2,7.43,Low
80.9,84.2,79.9,94.6,7.76,Low
90.8,92.5,95.6,79.9,8.36,Low
64.1,68.4,71.9,79.8,6.99,Low
68.0,75.0,57.9,66.1,6.27,Medium
59.6,59.6,56.3,67.4,5.28,High
58.8,52.4,54.9,67.8,5.29,Medium
60.5,64.6,52.6,70.5,6.62,Medium
76.7,65.7,70.0,80.1,8.02,Low
92.5,82.9,82.2,87.5,9.12,Low
60.6,65.7,57.0,39.8,5.43,High
98.2,97.2,80.5,93.5,10.0,Low
64.5,75.7,75.1,55.9,6.09,Medium
74.2,67.6,68.9,71.2,7.51,Low
60.5,68.2,59.1,48.5,5.52,Medium
40.0,33.6,38.2,24.3,4.0,High
85.2,93.6,77.0,97.7,7.95,Low
75.1,80.9,84.7,90.7,8.08,Low
62.0,70.7,62.8,65.7,6.87,Medium
72.1,81.3,63.8,72.7,7.44,Medium
79.5,76.4,82.3,75.5,7.3,Low
40.0,48.1,58.5,51.7,4.16,High
68.4,71.1,67.9,56.0,5.75,Low
85.3,81.0,89.3,90.9,8.14,Low
47.0,41.9,47.0,48.9,5.01,High
65.2,89.4,61.6,70.6,6.97,Low
48.8,46.4,61.6,49.8,5.1,High
74.3,78.1,93.4,71.7,8.83,Low
70.1,77.6,81.8,72.4,6.69,Low
43.6,41.5,43.1,40.9,4.36,High
75.4,80.4,78.2,91.7,9.03,Low
56.7,60.8,50.5,69.9,5.62,Medium
56.0,45.3,44.4,51.4,6.12,Medium
76.8,71.0,72.1,71.8,6.94,Low
83.0,88.9,100.0,91.4,9.64,Low
64.8,52.9,53.6,50.8,5.65,High
59.5,60.1,73.3,75.1,6.78,Medium
84.3,87.6,87.4,81.4,7.35,Low
79.1,81.1,77.2,90.1,7.78,Medium
77.8,82.7,88.9,67.2,7.95,Low
65.0,62.7,80.4,56.0,5.82,Medium
64.4,51.4,56.5,54.8,5.42,Medium
69.0,73.2,66.7,62.6,6.85,Low
47.3,52.4,59.5,59.0,5.38,High
43.5,26.8,32.2,24.5,4.0,High
75.9,86.8,67.3,97.5,6.91,Low
84.9,79.2,93.8,95.2,8.16,Low
42.4,25.0,44.7,35.1,4.0,High
48.7,64.2,56.1,62.7,5.17,High
82.9,75.8,69.2,64.6,8.27,Low
94.5,93.7,88.2,100.0,10.0,Low
69.5,58.0,71.2,65.0,6.99,Medium
59.5,71.3,55.1,58.0,6.02,Medium
58.3,58.2,64.5,50.6,5.65,Medium
86.0,91.0,98.8,95.0,8.85,Low
68.4,66.7,66.2,50.4,6.53,Medium
63.3,61.0,69.0,58.9,5.59,Medium
62.4,62.3,54.8,57.9,5.91,Medium
57.2,43.8,53.0,46.0,6.71,High
70.1,66.2,77.9,64.6,8.09,Medium
100.0,95.7,98.0,96.4,9.67,Low
73.6,69.3,87.1,63.3,8.05,Low
67.6,67.6,69.6,59.5,5.51,Medium
72.5,70.4,80.4,71.6,6.17,Low
41.9,53.3,50.9,70.0,4.42,High
92.6,74.7,91.7,87.5,8.21,Low
59.6,84.2,66.2,60.6,6.64,Medium
77.1,72.7,67.4,64.0,5.45,Low
95.8,98.0,100.0,98.3,9.99,Low
73.0,82.1,87.4,71.3,7.72,Low
47.4,75.3,64.6,66.9,6.67,High
60.9,53.5,62.9,65.6,5.97,Medium
81.0,85.6,98.2,95.4,8.29,Low
68.1,55.1,54.2,68.9,5.83,Medium
47.6,49.8,37.0,60.4,4.7,High
89.5,86.3,89.2,82.3,8.83,Low
61.2,59.7,60.1,51.2,5.69,Medium
99.8,93.4,100.0,100.0,10.0,Low
79.6,71.9,86.7,69.8,8.49,Medium
58.0,65.9,67.9,56.6,6.4,Medium
100.0,99.4,82.7,83.6,8.24,Low
66.6,66.9,75.6,93.6,7.25,Low
92.7,85.9,90.7,99.1,7.29,Low
75.8,66.3,87.0,90.7,8.07,Low
57.3,60.5,73.4,54.3,6.09,Medium
66.8,57.6,62.3,82.2,6.71,Medium
93.1,80.1,87.6,88.8,8.03,Low
64.3,59.7,52.8,73.8,6.58,Medium
61.6,61.2,59.7,65.6,6.68,Medium
55.3,58.4,54.1,55.2,5.79,Medium
78.4,67.2,84.8,74.1,7.2,Medium
100.0,95.2,93.1,96.1,8.6,Low
54.0,53.7,60.4,59.5,5.57,Medium
74.1,62.7,70.4,73.7,6.96,Medium
100.0,100.0,89.8,90.9,8.83,Low
71.1,62.8,70.8,82.4,7.26,Medium
78.7,72.1,73.7,50.1,7.66,Medium
45.0,47.2,50.6,58.7,4.75,High
60.6,89.0,62.8,82.9,6.68,Low
69.5,71.1,65.2,77.5,6.15,Low
84.2,78.2,80.9,84.2,9.68,Low
84.7,95.6,83.7,89.7,9.14,Low
99.5,99.4,100.0,100.0,9.89,Low
78.3,80.5,84.0,92.1,7.78,Low
81.7,72.5,76.7,72.2,7.36,Low
73.4,67.7,80.9,75.3,7.88,Low
60.2,67.1,69.3,79.8,6.22,Medium
81.0,71.3,72.7,56.0,7.8,Low
64.3,78.3,61.9,59.4,6.38,Medium
75.7,63.6,75.0,85.7,8.22,Medium
86.9,100.0,94.4,99.6,9.35,Low
51.0,54.1,66.1,59.6,6.11,High
87.6,89.2,96.6,83.1,8.42,Low
89.8,95.6,85.4,81.8,9.5,Low
71.1,63.8,67.4,62.9,6.67,Medium
40.0,44.2,43.5,52.1,4.0,High
49.9,41.9,69.4,55.2,6.91,High
86.9,84.4,97.0,90.4,8.42,Low
74.4,63.2,69.1,62.9,7.07,Medium
53.2,46.2,45.0,62.6,5.72,High
61.0,60.9,54.4,57.6,6.5,Medium
88.5,85.3,84.8,81.7,8.04,Low
73.9,83.1,80.9,63.1,8.86,Low
57.2,68.1,57.6,51.9,5.99,Medium
63.5,59.8,64.9,64.6,7.18,Medium
61.2,66.7,69.2,52.2,7.02,Medium
50.4,57.0,47.0,75.1,6.57,Medium
93.2,100.0,100.0,75.7,8.63,Low
68.1,70.6,62.1,58.0,6.08,Medium
88.2,88.5,98.3,88.4,9.57,Low
94.7,86.5,88.6,89.5,8.34,Low
95.9,80.4,76.8,75.0,7.69,Low
61.5,59.7,59.9,54.9,6.11,Medium
77.7,73.8,75.3,67.1,7.7,Low
66.6,71.5,66.5,67.1,7.76,Medium
51.4,61.5,54.7,74.0,5.55,Medium
71.4,74.5,77.5,75.6,7.18,Medium
49.4,52.4,50.9,63.0,5.39,High
90.0,88.8,87.3,92.4,9.02,Low
77.1,59.4,49.4,73.1,6.52,Medium
68.7,66.5,76.2,47.8,7.21,Medium
71.7,62.0,73.5,71.5,6.45,Medium
65.7,61.3,79.0,77.9,6.15,Medium
81.2,82.1,71.3,73.7,8.59,Low
64.5,58.0,48.4,78.7,6.38,Medium
90.8,81.4,88.0,96.4,8.15,Low
40.0,53.1,52.6,45.6,5.54,High
57.6,75.5,63.8,67.4,6.62,Medium
95.0,90.4,85.8,88.9,9.69,Low
61.6,62.0,67.3,49.3,5.57,Medium
50.4,67.7,71.1,48.7,5.76,Medium
59.7,69.8,57.8,81.6,7.82,Medium
76.1,66.9,69.0,59.6,7.18,Low
76.7,83.6,88.6,80.7,6.83,Low
70.8,76.3,73.5,83.0,7.82,Medium
73.6,64.0,75.6,64.6,7.29,Low
80.8,76.8,84.4,100.0,8.75,Low
76.8,74.4,67.2,80.8,8.3,Medium
62.6,58.2,52.7,73.1,6.5,Medium
83.1,77.2,88.5,73.3,7.42,Low
80.9,98.2,83.3,100.0,9.74,Low
62.9,78.2,70.0,78.1,6.39,Medium
48.6,53.3,62.5,54.5,5.84,High
85.1,94.1,75.0,100.0,8.59,Low
65.0,78.2,60.8,68.6,7.67,Medium
42.2,47.5,47.1,47.7,4.32,High
71.6,84.7,87.0,85.3,8.19,Low
62.2,48.2,57.0,67.2,6.55,High
72.0,71.9,78.3,53.6,6.67,Medium
86.1,82.3,84.6,78.3,7.51,Low
70.0,72.3,75.0,66.2,7.11,Low
82.6,92.9,73.4,73.0,8.45,Low
52.6,69.5,60.2,79.2,7.06,Medium
63.3,81.7,80.0,75.8,8.17,Medium
71.2,73.7,64.6,57.1,7.07,Medium
81.0,83.4,88.6,77.8,8.57,Low
86.3,61.8,67.0,67.5,8.2,Low
47.7,52.5,44.0,68.9,5.03,High
89.4,94.7,87.7,80.0,9.48,Low
73.2,56.3,58.0,66.7,7.1,Medium
84.6,80.6,77.1,94.3,8.1,Low
77.2,68.2,61.4,71.0,7.37,Medium
97.6,100.0,97.7,100.0,10.0,Low
57.2,78.4,66.2,57.4,6.94,Medium
72.9,58.6,70.0,86.8,6.38,Medium
66.0,70.7,70.3,78.1,6.35,Medium
68.5,60.7,64.4,63.7,6.7,Medium
72.6,86.3,91.4,75.0,8.48,Low
40.0,49.3,35.3,44.7,4.94,High
62.8,59.9,58.5,51.1,5.59,Medium
51.9,56.3,40.6,71.6,5.26,High
93.0,100.0,77.5,73.2,8.92,Low
95.2,88.5,86.0,96.9,9.6,Low
57.4,56.5,74.7,68.3,6.61,Medium
72.8,64.7,66.9,66.4,6.66,Medium
67.5,60.1,70.9,70.1,6.23,Medium
91.6,77.0,78.6,86.4,8.65,Low
56.2,49.1,53.7,63.9,5.95,High
64.3,67.1,67.5,79.1,7.53,Medium
85.6,77.9,87.7,88.4,9.22,Low
90.7,81.1,69.6,50.2,7.62,Low
75.8,69.3,83.5,75.5,7.53,Low
84.7,83.8,71.6,70.1,8.9,Low
41.5,41.3,30.0,40.8,4.67,High
81.4,74.8,93.6,93.4,8.09,Low
61.4,58.3,56.7,51.9,5.5,High
40.0,45.1,32.0,40.2,4.68,High
79.1,64.1,79.4,72.3,8.7,Low
96.8,73.9,86.8,100.0,8.9,Low
62.9,70.4,61.3,68.8,7.21,Medium
92.8,87.7,75.5,99.8,9.04,Low
93.6,100.0,100.0,97.9,9.93,Low
84.4,90.8,87.7,91.9,9.04,Low
100.0,100.0,79.2,95.2,9.11,Low
79.4,79.8,93.1,88.5,8.07,Low
75.7,73.2,76.0,55.5,7.34,Medium
44.2,57.6,39.8,46.7,5.05,High
66.0,51.4,58.8,65.7,6.8,Medium
60.3,60.2,62.7,63.9,5.55,Medium
99.7,100.0,96.0,96.3,10.0,Low
55.4,69.3,52.0,58.0,7.17,Medium
65.1,83.4,86.1,71.9,7.37,Medium
83.8,73.9,74.8,68.5,7.41,Low
69.9,70.4,82.6,53.3,6.97,Medium
92.3,95.7,100.0,100.0,10.0,Low
52.5,45.1,52.7,65.9,5.37,High
66.4,64.7,81.2,77.1,6.25,Medium
46.7,51.2,53.7,70.6,6.64,High
49.6,56.0,35.3,44.2,5.28,High
57.2,66.9,57.4,47.9,6.39,Medium
63.6,71.7,72.6,68.8,6.41,Medium
63.2,69.3,59.9,60.4,6.72,Medium
61.8,58.5,57.2,52.0,6.1,Medium
61.5,57.3,58.1,48.2,4.1,Medium
59.7,68.8,69.6,63.2,7.59,Medium
54.4,47.8,40.7,30.9,4.82,Medium
87.2,79.5,87.0,77.4,7.94,Low
66.6,76.0,72.8,61.0,6.93,Medium
49.4,45.2,30.0,50.2,4.0,High
62.6,72.2,68.8,59.5,6.83,Medium
59.8,50.8,61.9,68.7,6.0,Medium
83.8,67.1,74.9,89.2,7.38,Low
93.7,94.9,97.2,96.2,9.65,Low
44.9,41.3,36.5,27.9,4.0,High
69.1,68.5,74.4,85.3,6.87,Medium
58.7,73.8,55.1,81.8,6.33,Medium
78.8,75.8,83.3,80.2,7.87,Low
80.4,71.8,88.8,85.1,7.35,Low
49.6,68.5,50.8,53.8,6.09,High
58.9,76.0,59.1,48.4,6.35,Medium
58.8,69.1,52.4,51.2,5.37,Medium
80.2,84.2,87.2,100.0,9.46,Low
65.6,78.9,61.8,56.9,8.24,Medium
95.5,91.4,100.0,98.0,9.87,Low
60.9,62.7,75.9,69.4,6.53,Medium
53.5,42.9,63.6,54.8,6.68,Medium
51.5,59.0,33.1,43.3,4.01,High
40.0,36.9,50.9,43.6,4.13,High
40.0,45.4,53.7,41.2,4.28,High
70.2,67.6,80.6,61.2,6.82,Low
82.0,82.5,80.6,79.6,7.62,Low
45.1,43.7,48.0,55.9,4.2,High
80.6,74.3,91.7,91.3,8.35,Low
63.0,65.8,78.1,55.5,6.29,Medium
61.7,62.2,64.6,60.9,6.91,Medium
97.2,88.3,100.0,91.6,9.23,Low
85.8,68.7,82.8,97.6,8.23,Low
63.5,56.0,64.9,71.8,7.0,Medium
62.7,57.9,44.3,63.0,5.59,High
40.0,25.0,35.4,45.7,4.18,High
66.0,48.8,51.2,63.0,6.21,Medium
67.8,66.8,63.1,67.9,6.97,Medium
53.2,51.4,46.4,61.2,6.21,Medium
67.9,82.0,64.4,63.1,6.24,Medium
70.5,84.0,67.9,58.4,6.88,Medium
73.9,60.6,67.4,73.1,7.54,Medium
53.8,64.1,47.3,71.4,5.9,Medium
68.0,77.8,61.0,62.5,5.85,Low
82.8,72.4,79.5,84.0,7.56,Low
50.1,43.2,47.3,68.8,5.43,High
96.6,91.1,99.8,91.1,7.81,Low
78.7,67.3,70.3,61.2,7.52,Low
67.9,67.2,75.1,71.4,6.67,Medium
84.7,83.7,91.9,75.7,8.23,Low
66.6,68.2,71.0,67.9,7.24,Medium
88.8,76.2,79.7,88.2,7.79,Low
75.5,75.1,81.3,59.9,6.9,Medium
63.7,63.5,64.9,47.8,5.61,Medium
71.5,67.2,73.9,75.6,8.09,Low
42.9,59.3,64.0,52.6,5.21,High
74.6,59.2,69.9,74.7,6.9,Medium
57.1,65.5,69.8,86.4,6.48,Medium
65.0,65.1,67.0,67.8,7.29,Medium
73.7,63.6,60.6,73.5,7.54,Medium
42.9,37.8,42.4,33.0,4.77,High
73.5,74.9,72.9,68.7,6.42,Medium
77.5,65.4,75.0,66.7,7.28,Medium
68.5,89.5,72.6,73.0,6.63,Low
54.7,57.6,53.3,53.6,5.34,Medium
88.7,89.6,91.6,98.3,8.56,Low
47.5,60.3,63.0,45.2,4.79,High
78.9,100.0,89.4,64.0,8.98,Low
73.0,69.5,73.8,74.5,7.29,Low
48.1,52.5,62.9,64.5,6.63,High
96.9,91.3,100.0,98.0,10.0,Low
50.6,52.3,44.0,63.2,5.49,Medium
73.7,71.7,85.1,87.7,8.69,Low
87.4,85.2,67.7,79.9,8.19,Low
64.2,71.8,63.8,39.0,6.92,Medium
92.2,91.9,96.2,88.8,9.11,Low
64.3,64.2,72.2,75.5,6.78,Medium
77.9,70.0,71.2,70.8,7.11,Medium
78.0,80.2,76.4,74.2,6.92,Low
69.8,62.2,79.4,71.8,7.04,Low
77.2,95.1,93.5,73.0,8.32,Low
83.6,95.4,81.7,87.5,7.8,Low
50.9,45.6,44.9,58.5,4.0,High
86.0,89.5,98.5,88.0,8.32,Low
57.7,52.3,33.1,34.9,5.1,Medium
82.3,93.2,82.9,84.9,8.24,Low
87.1,81.3,97.6,66.9,8.52,Low
49.6,49.9,61.4,56.7,6.09,High
65.2,54.6,66.8,67.9,5.82,Medium
43.0,56.3,41.4,68.5,4.98,High
63.5,71.4,66.4,65.0,6.29,Medium
58.8,55.9,60.7,69.1,7.35,Medium
82.5,78.5,84.3,73.9,9.17,Low
95.6,80.2,83.2,86.4,9.34,Low
94.8,84.6,82.7,77.2,9.49,Low
47.3,65.4,45.0,59.8,5.87,High
79.1,61.7,76.6,64.1,7.66,Medium
46.5,42.6,41.6,47.4,4.61,High
53.3,46.5,59.2,52.3,6.22,Medium
85.4,85.8,84.5,85.2,8.39,Low
95.3,93.9,85.7,91.2,9.29,Low
47.5,46.4,41.4,48.5,5.98,High
62.3,59.8,53.1,61.8,6.38,Medium
66.0,70.9,63.8,70.0,7.69,Medium
71.8,68.5,77.1,81.1,7.55,Low
53.7,47.5,51.5,56.8,5.36,High
67.8,89.0,90.3,73.2,7.34,Low
63.8,58.5,71.1,61.3,6.34,Medium
73.3,69.1,76.3,63.4,6.67,Low
81.3,85.3,77.2,75.0,7.27,Low
75.0,94.8,82.2,88.4,7.61,Low
65.4,54.7,61.7,55.2,6.07,Medium
65.2,71.5,68.1,65.8,6.9,Medium
73.7,63.7,70.0,65.2,7.02,Low
56.3,60.7,70.1,62.2,6.15,Medium
60.7,61.1,71.2,63.1,7.34,Medium
88.2,86.1,90.2,96.5,8.84,Low
84.9,78.1,74.1,63.0,7.97,Low
71.2,55.2,70.7,74.9,6.68,Low
83.4,87.1,86.2,86.1,8.02,Low
71.4,65.4,61.8,53.8,5.85,Medium
82.3,90.6,74.9,67.2,9.2,Low
77.6,72.3,73.9,66.8,7.93,Low
67.6,65.8,73.4,66.2,6.5,Medium
81.8,78.7,91.2,99.9,8.03,Low
45.7,38.3,36.9,51.3,4.83,High
50.8,50.6,49.7,36.8,4.67,High
55.3,46.1,49.0,45.9,4.78,High
77.4,65.9,83.0,71.7,7.78,Low
92.0,81.2,95.7,98.3,9.75,Low
97.6,100.0,90.7,86.2,9.52,Low
73.2,74.8,84.0,78.4,7.53,Medium
62.5,85.7,74.3,71.1,7.49,Medium
44.2,50.5,33.2,33.1,4.08,High
65.5,52.9,54.7,64.2,5.76,Medium
59.8,50.6,72.1,65.1,4.95,Medium
49.0,78.6,63.8,68.3,6.64,High
65.4,79.7,68.3,72.6,7.23,Medium
49.6,62.7,60.9,58.4,5.66,High
48.5,42.1,42.6,46.7,4.1,High
74.7,76.8,83.5,84.0,7.67,Low
61.4,56.9,56.2,55.1,5.26,Medium
79.3,68.6,74.5,68.1,7.19,Low
92.6,83.8,100.0,93.5,9.59,Low
49.4,47.0,56.4,56.9,6.62,High
40.0,35.1,30.0,57.0,4.0,High
60.6,57.8,60.8,68.4,6.17,Medium
87.1,86.0,70.7,81.0,8.27,Low
95.1,90.5,100.0,90.5,10.0,Low
40.9,46.1,58.5,47.1,4.33,High
64.1,83.4,70.8,97.0,7.36,Low
64.4,64.8,60.8,59.4,7.03,Medium
65.0,68.3,63.3,76.6,6.96,Low
94.7,100.0,100.0,94.6,9.9,Low
51.6,50.8,36.1,49.8,5.81,High
80.8,83.9,74.7,80.9,7.5,Low
75.4,73.8,76.1,71.9,7.35,Low
84.2,83.3,92.9,80.5,8.49,Low
74.5,62.4,70.6,86.4,6.58,Medium
66.5,71.6,60.6,83.5,8.09,Medium
65.5,70.9,62.1,71.2,6.7,Medium
77.3,83.1,66.3,81.1,7.97,Low
68.9,71.6,65.5,69.0,7.09,Medium
67.7,66.8,90.8,97.5,7.73,Low
59.9,72.0,50.5,64.9,5.97,Medium
70.4,62.8,69.3,80.9,7.54,Medium
70.2,75.8,65.1,56.5,6.52,Medium
89.8,84.3,83.8,79.5,8.77,Low
78.2,74.1,75.2,58.4,7.49,Low
40.4,34.1,42.0,54.9,4.26,High
85.9,97.1,92.3,66.0,8.97,Low
63.3,46.2,51.4,52.8,5.59,High
62.0,55.5,62.0,33.3,6.42,Medium
68.7,54.1,67.3,53.6,5.77,Medium
92.3,78.3,84.8,86.2,7.96,Low
40.0,38.6,44.2,50.4,4.03,High
90.0,100.0,98.4,100.0,10.0,Low
76.5,100.0,94.2,78.3,8.81,Low
77.3,74.0,71.7,82.9,7.01,Low
76.3,77.0,72.2,69.3,6.35,Medium
85.4,75.9,74.0,74.6,7.68,Low
82.9,81.3,77.0,67.0,7.85,Medium
86.7,77.3,81.7,70.8,7.9,Low
74.9,79.7,82.6,70.9,8.74,Low
64.4,75.1,61.3,71.8,6.66,Medium
72.1,63.0,78.5,67.7,7.59,Medium
70.2,67.2,52.9,81.6,6.79,Medium
67.7,66.7,61.6,70.5,5.79,Medium
89.3,92.8,86.3,62.6,8.61,Low
80.8,71.4,82.2,81.3,8.37,Low
42.7,34.6,47.6,21.9,4.0,High
87.6,93.2,65.0,71.1,7.25,Low
76.2,81.1,68.9,65.6,7.21,Medium
74.8,79.2,52.7,63.7,6.54,Medium
67.3,64.3,64.4,51.8,6.66,Medium
84.1,89.1,89.0,88.7,9.07,Low
88.8,91.2,96.9,71.5,7.89,Low
50.0,69.3,59.4,61.6,5.49,Medium
82.4,62.4,84.5,96.2,7.99,Low
48.3,46.2,60.1,43.5,5.11,High
51.0,58.5,45.8,46.7,4.39,High
55.5,58.7,49.3,37.9,5.47,High
86.3,78.2,85.1,80.2,8.47,Low
84.1,75.5,72.4,90.1,8.58,Low
68.1,73.8,88.1,84.2,7.43,Low
83.4,71.1,79.6,81.6,8.09,Low
74.3,92.4,87.3,85.7,8.54,Low
65.7,60.2,56.5,83.3,5.55,Medium
76.5,76.1,78.6,91.9,6.67,Medium
84.4,86.1,83.7,77.3,8.43,Low
75.6,88.1,81.0,68.3,8.08,Low
84.3,94.5,84.4,84.2,8.43,Low
77.9,88.1,83.8,72.1,8.39,Low
80.4,70.9,67.9,79.3,7.95,Low
96.1,84.0,76.4,75.4,7.5,Low
64.8,75.0,79.5,68.9,6.63,Low
63.2,53.1,62.6,64.3,6.84,Medium
54.5,67.5,68.1,66.6,7.05,Medium
51.7,61.6,72.1,50.3,6.22,Medium
54.1,65.4,57.7,70.4,6.57,Medium
59.7,55.4,78.4,50.9,6.79,Medium
48.6,63.1,59.5,55.2,6.21,High
67.9,63.7,57.2,65.0,6.9,Medium
40.3,46.5,56.4,41.7,4.43,High
75.5,78.6,81.1,74.8,7.16,Medium
74.2,81.3,69.0,75.5,7.09,Low
59.3,67.2,63.6,57.4,5.48,Medium
83.8,89.3,76.7,76.6,8.0,Low
83.6,94.2,90.7,80.4,7.82,Low
40.0,47.9,30.0,40.4,4.19,High
64.9,58.8,50.4,65.6,5.71,Medium
54.9,64.6,66.3,52.6,5.37,Medium
50.3,61.0,53.9,63.5,5.34,Medium
81.4,80.3,84.1,82.6,8.16,Low
61.6,69.9,56.3,62.4,6.91,Medium
63.5,65.8,80.8,71.6,7.08,Medium
42.0,34.0,49.5,33.4,4.0,High
81.6,88.6,77.9,85.3,8.62,Low
46.0,51.8,48.2,53.3,5.61,High
68.0,85.2,79.1,65.5,7.34,Low
80.6,62.8,90.0,78.9,7.49,Low
93.4,86.5,98.0,95.3,9.2,Low
62.8,50.6,67.7,60.8,5.63,Medium
42.1,43.0,30.0,43.7,4.11,High
79.6,75.6,66.2,77.2,7.94,Low
88.7,99.2,87.5,86.9,9.72,Low
93.2,80.7,92.1,100.0,9.14,Low
72.8,65.0,74.5,60.5,7.99,Medium
59.3,64.9,61.4,71.2,5.95,Medium
83.1,72.6,88.6,86.0,8.05,Low
61.1,51.7,65.3,44.8,5.55,Medium
80.2,80.7,64.9,76.0,8.16,Low
72.3,70.7,72.8,76.9,8.22,Medium
90.4,97.1,92.5,97.7,8.47,Low
94.2,100.0,94.3,91.6,9.05,Low
77.2,64.9,69.5,73.5,7.71,Low
60.5,55.8,70.5,41.3,5.78,High
68.3,53.6,59.3,85.2,6.22,Medium
48.1,38.0,41.1,33.8,4.0,High
53.3,64.9,62.2,62.5,6.12,Medium
75.5,61.0,59.3,62.9,7.07,Medium
51.2,65.4,68.4,61.3,6.23,Medium
68.7,61.6,67.7,79.6,7.33,Medium
59.9,63.2,68.9,72.7,6.36,Medium
90.3,82.9,85.8,89.1,7.91,Low
69.4,70.1,75.4,75.9,7.26,Low
69.5,69.2,75.8,72.8,6.98,Medium
67.5,56.2,60.1,74.2,6.79,Medium
70.9,64.3,55.9,68.2,6.99,Medium
90.7,89.2,85.3,92.1,7.83,Low
62.0,59.8,57.6,67.0,5.77,High
65.4,67.5,64.6,69.9,6.84,Low
59.6,67.7,63.6,59.5,6.97,Medium
49.3,50.8,46.4,48.3,4.73,High
55.9,45.6,73.8,59.9,5.1,Medium
56.8,61.0,51.1,50.5,5.44,Medium
85.3,82.9,89.0,97.5,8.97,Low
70.7,87.6,69.3,73.8,6.92,Low
76.8,77.7,70.2,75.5,7.13,Medium
76.3,93.5,80.2,77.6,8.94,Low
78.3,72.1,61.5,56.0,5.99,Medium
70.5,70.9,80.4,70.4,8.33,Medium
69.8,69.3,79.6,70.4,6.72,Medium
78.7,75.6,77.7,80.0,6.82,Medium
57.8,54.7,62.1,62.7,6.0,Medium
40.1,32.3,30.0,38.1,4.0,High
60.6,66.5,72.1,65.0,7.02,Medium
100.0,100.0,100.0,95.8,8.81,Low
84.0,69.3,80.8,97.2,7.43,Low
80.9,92.9,81.5,90.8,8.34,Low
86.7,82.0,84.1,95.8,8.18,Low
76.2,61.7,67.4,74.0,7.24,Low
69.5,81.2,51.0,59.4,6.7,Medium
56.2,65.9,64.0,51.3,5.83,Medium
63.9,74.0,58.5,69.4,6.62,Medium
72.2,84.8,66.4,79.1,7.82,Low
99.0,100.0,94.1,92.0,8.93,Low
64.5,71.8,59.3,83.0,7.13,Medium
68.2,62.2,60.5,69.8,5.75,Medium
71.3,72.4,81.7,81.3,6.97,Low
73.1,87.7,67.7,79.9,6.24,Low
48.3,42.9,36.1,41.1,4.96,High
40.3,31.0,37.7,35.0,4.0,High
60.6,59.6,70.9,54.5,5.68,Medium
58.8,37.0,39.1,65.7,5.33,Medium
68.5,63.3,65.6,69.5,6.82,Medium
73.3,54.6,72.4,72.5,6.54,Medium
60.4,63.6,46.7,74.3,5.85,Medium
85.3,97.8,98.2,73.6,9.26,Low
71.2,71.6,81.9,80.2,6.82,Medium
75.7,86.2,72.0,62.7,7.12,Low
82.6,69.1,89.4,79.3,8.54,Low
40.0,61.3,62.0,50.1,5.32,High
85.5,90.3,86.4,91.5,7.62,Low
69.8,56.9,65.3,70.9,5.99,High
78.4,99.0,72.3,92.2,8.09,Low
61.7,53.5,53.6,48.5,5.82,Medium
49.2,40.6,51.3,53.1,4.0,High
90.1,72.4,79.7,83.7,8.45,Low
74.4,74.1,58.1,60.9,8.23,Low
62.1,55.6,66.6,48.2,6.59,Medium
66.8,57.7,58.5,55.6,5.86,High
94.8,84.8,83.8,96.9,8.94,Low
45.6,56.6,59.0,56.3,4.15,High
93.1,91.9,100.0,84.1,10.0,Low
54.4,42.9,34.1,55.2,5.36,High
82.5,78.5,83.0,97.7,7.49,Low
69.2,48.5,53.7,66.1,6.38,Medium
74.0,81.5,83.0,76.1,8.66,Medium
62.2,55.0,62.9,66.3,7.29,Medium
55.4,68.7,72.6,74.4,6.82,Medium
79.3,79.8,66.6,66.5,7.56,Low
51.9,48.3,40.0,59.5,5.52,High
81.4,88.5,77.5,78.2,7.59,Low
60.4,59.3,65.6,68.8,6.97,Medium
73.4,78.8,74.7,68.1,6.35,Medium
40.0,52.5,45.7,59.4,6.28,High
40.0,29.1,43.2,28.2,4.15,High
66.5,71.9,62.0,59.7,7.02,Medium
95.3,94.9,100.0,100.0,10.0,Low
92.1,75.9,77.7,81.1,9.29,Low
64.4,66.4,71.2,72.3,6.88,Medium
70.7,65.7,73.2,63.3,6.2,Medium
72.5,79.7,60.5,78.4,6.1,Medium
85.8,64.7,72.8,72.7,8.94,Low
48.3,52.4,53.8,51.1,5.01,High
82.3,91.1,100.0,93.8,9.24,Low
87.3,82.1,73.8,91.3,7.7,Low
83.3,89.9,97.1,76.1,8.85,Low
67.3,76.1,92.6,94.2,7.31,Low
67.1,69.0,69.5,73.1,6.43,Low
82.4,84.2,77.7,70.7,7.91,Low
83.9,79.6,73.3,82.2,7.62,Low
60.6,62.0,64.1,61.2,6.77,Medium
43.9,65.0,50.1,65.3,6.11,High
74.7,67.0,70.9,71.1,7.47,Low
85.9,89.0,100.0,93.9,9.18,Low
40.0,47.7,46.5,43.2,4.81,High
40.0,57.5,46.1,56.9,4.51,High
77.4,49.9,58.9,62.1,8.27,Medium
71.5,73.5,73.8,60.8,7.19,Low
71.2,72.8,74.7,75.9,6.27,Medium
82.0,61.9,74.2,88.1,7.11,Low
70.5,68.8,64.9,63.5,6.71,Medium
100.0,95.7,90.0,98.7,10.0,Low
40.0,50.1,50.0,55.6,5.11,High
57.4,39.0,57.3,64.9,5.3,High
58.8,78.0,71.0,65.7,8.05,Medium
44.0,40.2,47.1,35.5,4.52,High
65.9,72.2,76.3,47.5,7.36,Medium
98.7,100.0,100.0,92.6,8.91,Low
70.6,64.2,71.9,80.9,5.83,Medium
77.2,78.1,85.6,63.3,6.64,Low
55.3,48.4,54.5,57.4,4.0,Medium
73.7,46.3,71.2,52.2,7.13,Medium
62.5,72.5,69.2,65.3,6.54,Medium
59.6,59.8,50.5,71.6,6.06,Medium
90.7,83.2,99.7,83.3,9.15,Low
73.6,75.5,79.4,79.9,7.93,Low
62.2,55.2,52.9,49.6,5.64,Medium
72.0,73.3,75.9,80.0,7.97,Low
74.1,81.3,74.7,79.6,7.6,Low
84.3,77.7,88.9,87.6,8.27,Low
98.0,88.5,89.0,100.0,9.78,Low
53.8,54.0,65.0,60.7,5.88,Medium
54.0,71.1,56.9,51.6,5.83,Medium
61.1,50.3,48.1,50.4,6.2,High
61.4,74.1,59.1,65.8,6.43,Low
77.2,77.3,79.1,77.7,7.25,Low
88.7,81.4,86.3,100.0,8.69,Low
59.1,67.1,72.0,72.2,6.55,Medium
68.1,64.0,57.0,46.9,6.77,Medium
65.9,76.5,59.5,67.4,6.81,Medium
62.4,67.1,62.5,40.1,5.55,Medium
92.2,100.0,100.0,95.0,10.0,Low
50.0,54.2,37.7,28.0,4.39,High
79.4,66.0,85.5,64.9,6.88,Medium
100.0,95.1,100.0,84.3,10.0,Low
71.6,65.0,70.0,73.6,6.48,Medium
65.8,69.4,64.0,67.2,6.37,Medium
61.2,62.1,53.6,67.4,6.75,Medium
76.1,72.4,75.2,66.4,7.2,Low
86.4,84.1,84.4,78.0,9.67,Low
40.0,37.1,30.6,41.4,4.0,High
97.0,97.8,100.0,100.0,9.6,Low
43.9,34.2,33.6,52.3,4.63,High
60.3,80.9,53.8,62.2,6.3,Medium
54.9,61.6,63.4,50.7,6.96,Medium
75.9,64.7,81.2,70.7,7.61,Low
45.5,47.1,49.9,50.1,4.74,High
78.4,77.2,74.5,86.6,7.77,Low
100.0,97.4,100.0,100.0,9.26,Low
52.7,56.5,47.7,56.8,5.44,High
71.7,78.1,71.0,79.2,7.56,Medium
58.9,62.2,53.7,64.6,5.01,Medium
79.4,79.5,77.4,70.5,7.78,Low
77.9,69.6,75.2,71.9,6.64,Low
61.1,72.8,70.0,52.7,6.59,Medium
74.5,67.0,65.4,77.5,7.01,Medium
91.1,98.0,95.1,100.0,9.53,Low
58.5,67.6,70.7,82.2,6.89,Medium
84.8,86.5,85.5,69.0,8.11,Low
54.1,44.7,50.7,54.9,5.44,High
59.1,43.4,60.0,69.0,4.81,High
76.3,78.2,70.6,83.9,8.53,Low
100.0,94.2,100.0,99.8,9.49,Low
72.4,85.8,83.3,80.6,8.21,Low
71.0,56.4,54.5,77.0,6.97,Medium
69.8,78.1,61.4,60.2,6.99,Medium
47.6,67.8,42.9,38.8,4.48,High
82.6,76.4,84.5,79.0,7.62,Low
85.7,74.2,73.0,63.8,9.12,Low
65.4,60.4,60.6,74.3,7.01,Medium
63.4,63.0,66.6,73.9,5.99,Low
73.8,77.9,73.5,70.1,5.99,Low
77.8,59.3,65.5,60.1,6.24,Medium
76.1,79.9,60.5,68.4,6.76,Low
100.0,90.2,100.0,98.5,9.68,Low
67.0,54.1,61.4,67.4,6.89,Medium
70.7,72.4,62.0,69.6,6.9,Low
63.4,44.4,62.2,58.7,6.52,Medium
81.3,79.7,82.0,89.7,8.34,Low
65.5,89.1,67.5,71.3,5.83,Medium
59.8,60.2,54.3,54.8,5.86,Medium
70.8,82.0,87.4,100.0,10.0,Low
92.6,90.9,91.3,79.1,9.32,Low
58.1,60.6,50.0,60.2,6.28,Medium
51.6,43.1,38.3,50.7,4.38,High
85.2,89.7,88.2,78.6,8.72,Low
52.6,52.5,49.5,62.5,4.78,Medium
81.6,93.7,91.1,86.7,8.07,Low
40.0,42.2,50.6,32.7,4.03,High
86.2,88.5,73.4,82.7,8.98,Low
53.6,47.4,62.7,50.4,5.21,Medium
86.7,90.0,79.8,76.0,7.27,Low
65.5,68.4,73.6,90.9,7.24,Medium
55.9,57.6,51.7,48.8,5.17,Medium
55.7,57.4,71.3,72.9,5.78,Medium
84.5,73.3,83.5,76.8,7.61,Low
74.7,76.4,65.1,61.8,7.43,Low
81.7,75.7,69.4,79.7,8.51,Low
98.0,92.0,86.3,100.0,10.0,Low
49.0,42.0,48.0,54.8,4.97,High
100.0,99.2,98.8,100.0,9.66,Low
69.9,67.2,76.8,98.1,7.21,Medium
57.4,55.7,55.6,58.8,6.0,Medium
43.5,50.2,40.8,44.1,4.0,High
62.0,53.7,61.7,71.2,6.77,Medium
84.4,73.5,93.0,81.4,7.86,Low
74.7,70.4,64.2,76.4,7.39,Medium
91.1,87.5,93.8,81.0,9.19,Low
46.8,55.6,39.6,69.5,4.84,High
67.4,76.6,72.5,77.5,6.23,Medium
48.0,56.2,47.6,36.1,5.63,High
77.2,88.2,83.8,69.1,7.86,Low
74.3,82.7,89.5,90.6,8.61,Low
71.4,68.2,59.7,74.3,5.96,Medium
40.0,30.9,34.0,23.5,4.0,High
77.3,90.2,68.6,79.4,7.41,Low
68.9,90.4,65.2,59.0,7.31,Medium
80.1,76.1,69.2,75.3,7.82,Low
92.6,91.2,90.1,98.5,7.77,Low
56.2,63.4,56.5,49.0,5.15,Medium
74.2,79.2,81.4,66.6,8.92,Low
89.4,83.3,85.5,89.2,9.01,Low
40.0,49.4,50.8,37.9,4.42,High
73.3,75.3,75.3,80.5,8.47,Low
68.6,63.7,68.1,54.5,5.08,Medium
73.6,62.9,54.6,61.8,6.47,Medium
75.3,63.2,43.8,57.0,7.32,Medium
56.8,64.3,65.0,64.2,6.7,Medium
63.7,66.2,48.5,58.4,6.42,Medium
70.6,68.9,68.8,59.8,6.62,Medium
40.0,63.7,51.3,55.4,5.87,High
58.4,48.8,66.4,63.0,5.17,Medium
80.0,72.8,83.4,78.3,8.62,Low
60.0,52.3,54.1,55.2,4.76,High
73.4,79.4,86.7,82.5,7.94,Low
57.9,82.3,79.9,66.1,7.45,Medium
45.8,38.7,40.5,62.6,4.94,High
61.6,69.4,68.4,55.6,5.72,Medium
77.8,100.0,79.0,93.8,8.77,Low
49.4,55.0,57.9,62.2,5.78,High
79.6,71.8,50.7,61.8,6.58,Low
75.1,69.5,78.6,82.4,8.14,Low
86.1,89.3,83.3,84.0,8.28,Low
62.3,73.6,79.6,53.5,6.41,Medium
48.5,67.1,48.5,58.0,5.93,High
90.3,91.2,86.5,85.8,9.15,Low
94.5,75.4,100.0,91.9,9.73,Low
82.3,80.2,87.4,72.9,8.39,Low
70.6,66.9,72.7,81.4,7.14,Low
59.5,51.0,50.2,72.3,5.03,Medium
56.6,58.4,52.8,66.3,6.09,Medium
70.3,74.9,87.8,89.3,7.87,Low
79.2,70.5,75.9,73.2,8.13,Low
79.3,83.6,94.0,85.3,9.1,Low
67.5,74.7,78.8,72.7,7.11,Medium
51.9,55.3,38.0,53.3,4.57,Medium
88.8,81.2,93.2,87.8,8.48,Low
54.7,51.4,59.1,54.3,5.87,High
55.9,61.0,82.7,75.9,5.39,Medium
69.5,76.1,65.6,77.4,7.4,Medium
96.4,100.0,100.0,90.5,10.0,Low
88.4,76.7,87.5,91.9,9.47,Low
74.7,86.3,80.4,85.2,7.95,Low
71.2,77.3,75.1,76.6,6.41,Low
86.6,70.7,61.4,83.0,7.44,Low
80.8,76.5,81.7,100.0,8.13,Low
69.7,62.0,60.7,79.9,6.16,Medium
85.4,91.6,91.3,100.0,10.0,Low
77.4,75.0,76.5,65.9,6.98,Low
72.6,63.8,86.4,65.7,7.3,Low
81.8,72.2,78.9,76.5,8.88,Low
74.8,87.1,78.0,83.1,8.11,Low
90.5,76.1,83.5,99.0,7.33,Low
55.5,69.4,60.8,64.5,5.69,Medium
65.4,64.1,52.9,72.1,6.28,Medium
51.8,40.8,62.4,51.3,5.51,High
75.6,81.0,79.0,82.2,6.91,Low
80.6,80.9,84.8,89.1,8.75,Low
71.8,73.7,70.4,59.1,8.1,Medium
95.0,96.8,91.4,91.4,9.75,Low
69.5,73.2,68.5,78.5,7.67,Low
81.5,85.0,67.8,82.5,8.23,Low
54.1,61.9,40.1,42.9,5.59,High
69.0,67.1,59.4,42.3,7.2,Medium
86.0,70.8,84.6,77.1,8.59,Low
76.4,79.4,77.5,82.1,7.85,Low
70.8,86.2,57.4,57.6,6.88,Medium
61.8,74.0,62.4,70.2,6.56,Medium
50.8,63.8,43.6,51.8,4.98,Medium
68.4,74.4,61.8,70.7,6.7,Medium
71.9,85.0,100.0,62.2,7.64,Low
79.2,80.7,87.1,66.8,7.8,Low
74.7,77.3,85.7,74.8,7.88,Low
66.2,58.6,80.1,75.9,6.86,Medium
78.2,70.2,62.1,74.5,7.17,Low
56.2,68.6,50.3,64.3,6.41,Medium
75.6,76.3,71.6,77.0,8.03,Low
76.8,79.2,87.0,73.4,7.74,Low
81.5,83.3,73.0,70.8,8.43,Low
61.3,55.7,52.1,69.0,6.45,Medium
44.7,34.5,34.3,29.4,4.0,High
89.6,79.3,84.5,94.1,8.17,Low
49.7,57.1,65.0,64.7,6.62,High
53.9,48.0,59.1,56.7,5.87,Medium
77.0,74.1,73.8,74.5,8.68,Low
67.0,74.1,69.6,51.9,6.44,Medium
70.2,79.5,80.8,80.1,7.68,Medium
94.5,80.1,78.0,76.3,7.08,Low
83.4,76.7,85.7,58.9,8.39,Low
50.4,57.8,44.4,47.7,4.67,High
95.3,97.4,83.6,96.5,9.04,Low
88.0,80.0,78.7,79.0,7.45,Low
69.7,66.6,57.6,60.0,6.36,High
77.8,70.5,69.1,72.6,7.17,Medium
44.1,35.0,47.8,38.4,4.0,High
75.3,89.7,92.6,77.5,7.61,Low
51.7,49.2,59.4,68.4,5.16,High
44.8,54.4,53.5,58.4,4.78,High
43.0,54.6,51.4,51.9,4.55,High
78.6,82.8,78.1,82.3,8.56,Low
60.1,67.8,61.5,67.3,6.52,Medium
82.9,98.4,92.8,77.8,9.24,Low
63.1,74.1,64.5,59.7,6.71,Medium
44.2,41.1,45.3,49.6,5.21,High
54.1,44.3,56.3,59.9,5.75,High
85.4,85.0,86.0,94.6,9.12,Low
86.1,69.1,68.1,70.3,6.93,Low
69.9,62.2,52.0,60.0,6.61,Medium
64.9,69.6,69.8,77.2,7.28,Medium
78.9,64.2,88.7,69.0,8.24,Low
83.1,90.1,89.3,79.2,8.98,Low
85.6,100.0,91.6,92.3,8.99,Low
56.6,67.9,79.8,66.2,6.91,Medium
52.7,54.4,39.2,33.7,5.06,High
59.7,67.8,54.9,67.9,6.33,Medium
79.7,76.7,87.6,80.9,7.15,Low
61.5,62.1,55.9,54.8,5.64,Low
63.9,58.4,53.7,77.0,6.06,High
70.0,73.0,65.6,69.0,7.96,Low
72.1,63.7,72.9,66.0,7.1,Medium
74.3,68.7,74.8,66.9,7.35,Medium
55.8,60.8,49.9,57.9,6.5,Medium
61.9,64.3,65.4,63.6,6.58,Medium
65.8,58.3,53.5,43.5,5.06,Medium
84.7,86.4,85.4,78.4,8.99,Low
89.3,91.4,76.6,84.7,8.29,Low
40.0,51.3,52.3,53.4,4.0,High
48.7,56.6,63.4,75.9,4.71,High
44.1,38.4,44.6,59.6,5.04,High
59.5,57.8,58.5,53.3,5.21,Medium
62.4,69.1,67.7,62.5,6.5,Medium
48.2,35.4,42.0,46.8,5.12,High
46.0,65.9,52.6,72.2,5.98,High
48.2,55.9,52.8,53.5,5.17,High
77.1,75.8,86.0,61.2,7.24,Medium
74.7,80.6,78.6,66.5,6.67,Low
56.8,54.8,66.7,66.0,5.64,Medium
66.5,76.7,75.6,78.9,7.4,Medium
55.6,61.0,52.9,60.0,5.93,Medium
63.7,64.6,65.6,72.1,6.47,Medium
99.0,89.7,100.0,74.6,8.78,Low
95.7,100.0,80.0,91.0,9.58,Low
47.5,47.9,55.6,58.3,5.31,High
75.5,87.3,100.0,75.0,8.64,Low
83.8,69.0,90.7,74.6,8.86,Medium
47.8,61.0,64.1,36.0,4.86,High
79.2,89.6,84.0,96.6,8.05,Low
100.0,93.8,100.0,86.6,8.36,Low
58.1,51.6,47.4,55.3,6.89,High
57.2,59.0,62.6,61.7,5.55,Medium
77.6,100.0,90.5,98.9,9.05,Low
75.3,61.7,76.4,72.7,6.79,Medium
84.6,83.7,88.8,73.4,8.33,Low
72.9,68.7,70.8,76.7,8.44,Low
84.0,75.7,74.4,87.4,7.56,Medium
57.9,48.4,50.9,48.6,4.5,High
95.7,82.7,77.5,77.1,8.5,Low
89.4,87.5,89.4,73.7,7.64,Low
70.1,58.6,52.8,55.6,6.64,Medium
77.8,76.6,77.7,77.1,7.35,Low
49.7,34.5,47.4,44.1,4.69,High
74.7,81.5,73.5,72.2,7.63,Medium
75.9,76.3,71.9,72.1,8.12,Low
70.5,60.9,67.2,69.8,7.21,Low
79.1,88.3,92.4,84.7,7.86,Low
64.1,54.1,69.4,62.5,6.54,Medium
85.0,78.7,72.8,90.6,9.06,Low
41.6,44.7,47.9,68.5,4.8,High
78.9,72.9,74.9,55.2,6.92,Low
74.1,60.9,61.6,70.3,7.71,Medium
70.6,70.2,73.9,66.4,7.89,Medium
67.7,66.5,65.4,62.2,6.19,Medium
68.0,62.6,70.5,70.8,6.91,Low
89.8,82.0,89.3,80.5,8.24,Low
69.3,52.9,53.3,65.5,5.97,Medium
40.0,50.3,30.6,52.0,4.55,High
99.8,100.0,91.7,98.9,9.48,Low
89.5,100.0,100.0,84.9,9.13,Low
51.1,51.3,66.8,45.0,4.69,High
76.0,85.9,95.0,67.4,7.4,Medium
72.9,50.0,60.9,54.8,6.22,Medium
80.2,84.5,59.7,91.6,8.25,Low
70.0,79.8,55.7,67.3,7.48,Medium
58.5,63.1,61.6,55.7,6.48,Medium
55.9,66.9,56.7,61.1,6.2,Medium
62.2,57.9,70.0,58.6,5.89,Medium
57.7,53.1,63.2,54.5,6.56,Medium
65.0,60.9,59.3,70.2,5.75,Medium
73.7,61.5,61.9,73.9,7.25,Low
65.1,66.4,51.6,54.5,5.55,Medium
82.2,72.8,82.3,76.4,8.27,Low
84.0,85.0,97.9,87.8,9.37,Low
60.1,54.9,64.4,69.2,6.1,High
80.0,78.9,65.3,70.8,7.11,Medium
77.2,73.2,82.7,61.4,7.43,Low
80.1,67.6,80.5,76.6,7.85,Low
69.2,66.9,62.6,57.3,7.43,Medium
75.0,80.9,74.9,100.0,8.05,Low
76.5,69.0,82.7,68.5,7.87,Medium
53.3,43.4,49.6,50.0,5.12,High
79.1,97.8,95.8,85.4,8.35,Low
81.9,77.3,87.3,80.7,8.23,Low
52.9,56.3,54.7,55.9,5.86,Medium
77.3,68.0,70.5,74.4,8.41,Medium
78.5,77.3,80.8,94.0,8.18,Low
75.6,71.2,61.0,73.8,7.01,Low
95.3,92.7,78.8,99.4,8.83,Low
97.5,95.9,100.0,88.6,9.67,Low
52.2,49.6,65.0,61.1,6.47,High
40.0,58.2,54.1,50.7,4.78,High
65.7,73.9,86.7,77.7,7.98,Low
72.6,92.9,76.5,93.2,7.92,Low
74.8,50.8,79.9,64.5,6.17,Medium
92.5,93.2,84.6,88.1,9.36,Low
52.3,63.4,41.8,54.7,4.44,Medium
67.1,77.9,66.3,64.4,8.31,Medium
53.7,59.3,57.3,58.8,5.49,Medium
100.0,97.9,91.8,94.6,9.42,Low
99.7,94.1,100.0,89.7,9.08,Low
57.6,56.3,60.5,68.0,7.26,Medium
65.1,59.4,52.2,52.2,5.35,Medium
92.7,78.5,79.8,81.7,8.29,Low
62.9,72.8,61.2,66.8,6.99,Medium
69.7,72.5,55.1,81.5,7.45,Low
71.5,72.1,62.5,70.3,7.46,Medium
55.6,46.9,35.0,49.6,4.0,High
57.2,67.9,81.3,76.1,7.65,Medium
63.8,54.2,61.2,60.8,6.42,High
61.9,58.4,67.9,52.8,6.37,Medium
95.1,91.7,79.7,78.7,9.29,Low
47.2,43.7,60.7,52.1,4.96,High
81.9,78.7,92.6,77.3,7.76,Low
70.1,62.2,49.8,74.1,7.2,Medium
84.5,80.7,60.2,72.5,7.24,Low
86.7,62.4,85.8,80.2,7.74,Low
70.0,73.8,80.3,64.7,7.43,Low
